Protein,Gene,HealthyControl_1,HealthyControl_2,HealthyControl_3,HealthyControl_4,HealthyControl_5,HealthyControl_6,HealthyControl_7,HealthyControl_8,HealthyControl_9,Prediabetic_1,Prediabetic_2,Prediabetic_3,Prediabetic_4,Prediabetic_5,Prediabetic_6,Prediabetic_7,Prediabetic_8,Prediabetic_9,Type2Diabetes_1,Type2Diabetes_2,Type2Diabetes_3,Type2Diabetes_4,Type2Diabetes_5,Type2Diabetes_6,Type2Diabetes_7,Type2Diabetes_8,Type2Diabetes_9,MetabolicSyndrome_1,MetabolicSyndrome_2,MetabolicSyndrome_3,MetabolicSyndrome_4,MetabolicSyndrome_5,MetabolicSyndrome_6,MetabolicSyndrome_7,MetabolicSyndrome_8,MetabolicSyndrome_9,QC_1,QC_2,QC_3,QC_4,QC_5,QC_6,Reference_Pool
ABCC8_HUMAN,ABCC8,79842.80725129948,97857.38514660174,167510.50669532808,54536.29438243592,109218.41760793474,89222.996406047,0.0,76842.33374580179,0.0,0.0,101217.91124357338,0.0,101684.40423083006,103155.06480866643,0.0,85291.1574057018,120097.03917174094,107345.08019266099,85985.22634690108,0.0,125319.11156858076,84014.47514526777,0.0,108557.78129777077,0.0,88006.88171541614,0.0,0.0,142298.76923404177,74034.45304428841,173337.39132346466,131288.2304274055,123631.76146496389,99751.19624136368,69982.51378520235,101969.4394569862,85790.84820252676,91827.1419756856,100710.27437421955,70463.49664518549,94764.59581899703,85720.24668611007,110670.51571540035
ABCG1_HUMAN,ABCG1,50363.538078932725,77677.81774344202,73846.75903192707,54571.759516880375,68960.71474461324,76953.86836008221,0.0,52601.19765568047,91658.54159941411,71308.20991008723,52094.581148866455,44389.43482671493,62541.88212053333,81739.482845256,69260.85979328385,54470.908479592246,59402.528788322365,61697.18073924072,53405.69725698039,51762.38600867949,60540.277424355365,46446.69843131162,42444.07133756328,55191.28523165369,82066.61102433575,45554.137379877735,66565.80807921305,55489.629607271476,68243.38433603889,28062.90916819066,88482.76775627959,69106.37015244528,0.0,61001.36663468827,44873.95537282639,0.0,46997.162340690804,50358.61091096544,57124.18265945232,51052.221107577294,52265.14226048727,57380.09731931477,61807.303616132325
ABCG5_HUMAN,ABCG5,60764.76340432998,50684.78008890762,49989.58414209898,55545.738034567934,39821.80624730868,35312.81602588629,47466.72980688794,54709.394712836096,84650.40909414797,49743.69993989175,39660.158959607405,52767.57079707497,29869.09481867243,32719.26421835506,56708.6619340264,60950.43699934368,36043.91299687152,33971.794656759135,39295.98781250193,30459.624946337808,32141.500291199827,32021.831848073114,35989.733493834894,54134.00066844941,53338.87718593253,36660.38767750744,30194.464685284307,32031.599644279995,0.0,48516.94008388861,53763.93406974817,21342.797209804685,48118.53960069728,30737.843189842013,36408.52821740191,39420.688170223846,41292.99582741987,41487.135334227925,34469.3413397993,48400.97610686143,38407.12781537563,54191.1414190607,45594.425200744925
ABCG8_HUMAN,ABCG8,19300.28147940581,21492.628149692868,13940.110971841965,21818.08234408175,19191.326256892637,16152.48219725669,16775.668996024357,23592.275937891874,11976.651115192955,14010.296183934586,6809.4888217789685,0.0,23508.5699095893,14586.451565925967,18344.929675238054,13519.280851068743,13481.973778647081,12714.774213940722,53263.56653107922,43831.20191791071,0.0,0.0,47977.03015023657,50970.48848160262,50215.219947288526,67585.09876159034,41730.16815399677,10972.379285190917,9522.93470756645,6587.788514865027,5633.995150449447,9322.664646286532,7045.158833987685,10068.475772394877,0.0,7491.74081801482,26722.054490249393,14684.242942213485,15079.288502898162,20164.17305480839,22396.052916749766,20036.82635969347,22535.207553020766
ACACA_HUMAN,ACACA,258157.00218893297,185111.2773074486,0.0,0.0,0.0,164496.6329445547,231659.48796533362,0.0,279663.5186316565,0.0,128674.77759458519,224621.8883029516,131671.2778121255,0.0,0.0,145127.06451590458,128031.17733558563,0.0,179428.29487767626,0.0,167333.3274696431,161269.56354819395,0.0,219650.31084166266,203042.91794735476,0.0,0.0,154862.3304360749,0.0,215493.33358188008,0.0,106337.74503507261,151052.55127928517,0.0,0.0,237106.92761944587,126138.6961457702,158836.3146182138,159945.20831254742,217232.50182006598,170828.61559114401,166556.0176896615,172006.05999350874
ACACB_HUMAN,ACACB,0.0,0.0,52350.52413631525,60077.78428497241,35764.97647228969,0.0,0.0,0.0,0.0,0.0,40547.3107730672,0.0,46725.354956737436,0.0,0.0,50029.0241816202,0.0,59616.597911038436,42914.45621536832,0.0,61031.55269809004,0.0,41336.0344501718,0.0,0.0,0.0,40568.306604197,0.0,33005.93025428424,56895.256842654395,0.0,0.0,0.0,0.0,0.0,50639.30889555069,34328.17131803127,58832.08980901086,53508.79186686321,62021.955371334385,68347.88200190231,53136.63253665402,49327.464643960695
ACADM_HUMAN,ACADM,43034.379561921065,40946.38244424726,35880.88143136236,39980.57761890715,33687.396776401125,24616.133774608694,34293.40243634212,57974.909602224165,27671.48911202667,43950.29985833754,23813.843994044237,29455.63601507082,55246.80228610914,51839.602180950584,53968.34148621106,41333.143437893916,48602.163645313434,37327.08104511525,0.0,26200.888598349087,0.0,29373.397243037703,28154.521640265,40971.19894175165,31475.847394553657,33258.56646285005,40527.5699794653,0.0,74867.98015528555,30473.070228093482,38996.49594997495,45225.07234905526,32839.40772518591,47707.14872982608,0.0,0.0,26601.53364360583,37753.78019411121,27138.215529712634,42984.716154421294,44015.115748451186,37316.81808420376,40944.93760089608
ACADVL_HUMAN,ACADVL,9098.211951736126,12512.768606799165,12675.496818623222,12796.681250750526,13862.030317537387,13162.250524511272,15723.193544484637,19565.540872545564,8050.8368097231305,12097.586580903633,0.0,15645.1332815731,0.0,0.0,0.0,10108.1256911081,16617.70105339477,12086.900337084913,0.0,11956.788892972054,17092.215860479057,13163.655699134719,10667.902401808004,12422.211048491412,11326.923874668866,12357.89308462648,16164.302111148754,11606.556824815883,21634.743969926327,7685.069661525175,8119.2174778597955,11334.48219563331,12773.327217092163,11753.967372032454,10598.003914416937,14644.133514223822,8364.114084243389,11854.974947869941,10093.06533092183,11245.872324128863,13452.86058947675,9908.350530419462,12172.687097723398
ACOX1_HUMAN,ACOX1,0.0,347305.2896617753,0.0,275814.22784538404,0.0,367443.0528306175,0.0,0.0,0.0,0.0,647234.4228881415,0.0,1235490.0931037252,981798.6837509791,0.0,862428.9222688507,1462703.42557963,903663.1392408406,0.0,0.0,101236.39018766081,0.0,68625.46507830604,132757.74966259827,67839.56269349201,88252.85061525989,0.0,189577.54154875412,215876.61763446758,0.0,0.0,255939.92126778228,204826.14837974895,212548.3257243889,0.0,0.0,284107.70033401833,336391.89819494414,339086.7210044114,257522.59597126144,274082.2483556851,307888.3547359789,396791.0073841581
ADCY5_HUMAN,ADCY5,0.0,0.0,0.0,0.0,0.0,0.0,26114.72038798731,0.0,0.0,0.0,12524.360257906554,26238.280051000238,0.0,18832.025938844596,0.0,0.0,0.0,16340.870067867125,23271.8668059065,0.0,0.0,17112.64959285726,0.0,0.0,0.0,0.0,0.0,0.0,0.0,0.0,0.0,0.0,22260.776485983788,0.0,0.0,0.0,19882.36623904939,18384.823728026808,15098.964896100257,16691.11734753503,16092.495704340763,18742.628894210782,19663.712721612497
ADIPOQ_HUMAN,ADIPOQ,4773.558688306799,2262.6110840080796,7547.512627467019,1577.5686377425586,5767.48937474445,4380.97049583828,0.0,2326.690365499103,2645.006500326814,2285.4163443973425,1992.043011044555,1344.4399695172904,1836.300573045545,1947.1380192225188,1736.2949755721447,2201.554496762748,1957.385136983959,1850.5121767958442,1980.041126724693,2609.5512162603522,1720.7694695372859,0.0,0.0,1761.0284710498834,2432.4362518643243,2186.8495762502475,2123.1035528101847,2287.528515362548,2938.5836199871137,1995.060384738215,3456.997583198004,3466.9561730554415,4084.7342308370107,2621.3256951772514,1762.7280994734865,1808.1095946707053,2422.4005217109498,2269.889858721813,2539.672495197711,2412.3305204002304,2189.035294817529,2707.545782234337,2644.28220162379
ADIPOR2_HUMAN,ADIPOR2,124392.01058163118,99523.21409823772,96900.7828894051,107297.72041289351,98037.6090905733,90233.5131093446,91184.05687696095,106227.70785204764,72139.71202574097,95582.73337572395,103234.92712647041,123356.25008247836,73482.19875733001,152499.8585303477,93168.20856976019,128014.89220312136,60134.06462504041,124845.8705094523,137386.48655943148,88391.3411960178,75883.63532129786,0.0,196358.1432422654,80199.66114572597,92503.7583624744,69644.9115329378,105669.44970544284,103821.39736260074,80435.97730245374,105946.52854778183,173404.62030508782,91165.01019639322,148053.13869181028,75653.68560580906,94931.09647600239,101127.69900049502,104349.43049951464,113107.71017519553,118768.41615185034,147960.9424921664,108631.91941665941,100174.05037537917,102639.77791364792
AGT_HUMAN,AGT,0.0,7101.441954122634,0.0,0.0,6471.399800868437,0.0,13293.92627642648,0.0,12317.61271733766,9928.188295854583,12265.884047906804,10326.269190179773,0.0,11861.122428179266,9685.456493998734,6651.661518085678,0.0,0.0,8288.006448906503,0.0,4771.2191756904485,12686.710974134377,7942.790320413917,9963.966256392376,0.0,9681.303644358584,7281.999822120543,7719.537897938205,13268.894217009232,0.0,9582.84492379225,0.0,12345.324883454581,5098.59733597419,13620.211816417986,11453.684844393121,8402.25066007997,5875.02142922919,11220.56104629216,9999.711417106786,8900.390508839399,9134.114526252457,9742.263326667382
AGTR1_HUMAN,AGTR1,30394.522711305206,28341.909172823096,33221.44917312251,48342.72840118929,28282.229279241055,23421.86149931902,35161.165356236,44222.416549534246,41495.62156197945,37845.37472441383,30097.873290587417,56657.0423406392,51408.0713881433,56007.32469419073,22013.209209268487,39871.029071732664,26815.193591385916,39137.61886597736,38930.82007652841,0.0,60243.930953558855,33370.74964532338,28463.764455988498,55157.9589761593,34752.814347440675,41271.94668562213,45718.945111406094,53616.68129342834,24634.49650356828,31654.93197705688,28057.729862426233,44140.55627766226,31484.809184631107,31407.51616288622,32409.979271121698,38017.5700855565,31852.94817119013,35772.73299615965,46763.25548812243,33979.687678401395,32550.547714527835,44697.709930610945,33875.378466234215
AKT1_HUMAN,AKT1,35610.52144016043,0.0,88759.49484184041,56840.29298918568,46655.3909433677,45072.71419259217,52968.05435733154,36698.71473150348,52989.95976913131,63591.04385350993,56745.706068712745,49427.45767514566,81537.0719524962,40240.46666993441,0.0,38780.983196059075,67885.29242649772,0.0,65008.86467345489,30060.04031977921,64513.69670248325,77716.46484995754,63148.549739604416,43764.94785995637,57121.45398241417,43673.96302958444,83952.87342155537,45293.19769688334,57013.852133909735,33360.293219398154,52519.87074607368,66503.22360025943,38130.669292266706,0.0,0.0,33756.58758034099,41882.985881290566,48627.74493927186,44773.43339481014,52073.258957213235,51156.83174704893,48652.17805037419,52702.48531540233
AKT2_HUMAN,AKT2,4839.179764830017,5121.608127179384,7817.70974229216,6462.878634649848,4306.9469681638775,5012.986389575124,7113.881708911322,4526.178579287402,0.0,7356.41322528526,5622.346041606599,5173.691522547004,7039.1533013031,3666.1557543419226,6200.913012977181,5283.462954149368,7372.364471740581,0.0,6160.523832999046,2679.3287333008907,5641.552682271437,7366.643942117827,6617.921358455684,3493.6390898938275,6341.104092088103,4697.561557212645,5757.392183325821,5222.381963605825,7838.401344161839,4220.0774848022065,4892.75209805017,5161.364351946004,5024.952220874997,5202.395835305214,6041.211104483508,4208.1059189274,5137.022618579849,6138.52574871608,6445.216508609045,5638.692895193464,5461.034471178001,4402.206467362661,5331.3658078287435
AKT3_HUMAN,AKT3,2161.707699322658,1695.7416259592467,0.0,2416.36671679276,1800.0280420298568,1627.4851066309657,3623.154392157372,2722.6822928440997,2944.3625925911947,2726.4607581952314,2676.0781931359234,3126.68202391543,0.0,3219.5172409431348,3019.0223084508807,1726.038459655565,2326.8856588399544,2321.207303414872,2568.9444811221474,3586.2896259372305,1129.793994210951,3264.070999360502,1988.7451531535958,2272.8713699177138,2291.617305504598,2486.50576569839,2208.374630872619,1923.5211086871107,2873.3833749606156,1586.1810535073396,2356.3124402549865,3105.7350904835434,3026.2032916975836,1401.02130167552,2558.873002907436,0.0,2435.664933558084,1518.3065139914954,2731.0547227033917,2690.90123239325,2315.984697982853,1944.3151186488494,2410.7346162573285
ALB_HUMAN,ALB,0.0,48933.65255399062,52795.38822152727,74798.65210258041,50029.48799283482,0.0,51597.36282310067,51611.04746057309,37424.01336699905,46735.65569664221,54055.65815820099,48339.036353899064,53879.35853262759,39878.119810752505,50662.00154508902,52227.93335101777,48369.982908220714,49759.3971853813,76005.57603388671,47409.37568566008,120887.35784111214,53032.966069566966,83789.29195679117,107676.83486755445,52853.90639836312,72880.19349278453,47422.16435212378,38071.51035909205,47780.3269621259,52735.74757209368,58493.25821157591,45581.45585222427,64294.917379252125,43369.7372517135,0.0,63783.6141904445,48841.66751550269,55999.849037886495,43563.437877184406,50975.45228221185,63291.291169599164,57718.60813156326,51448.843231219565
APOA1_HUMAN,APOA1,48850.09185078138,43492.61479111061,54862.97667934265,72226.98571104101,45267.171810161286,76918.88524708898,73002.04825381328,66488.58609366078,75368.13435438625,23931.1606155844,35801.05632274052,43504.29568100297,0.0,41886.75646043663,44294.29549813826,25855.47762700308,0.0,31584.815298366277,149081.055722076,91101.98878561163,89162.09695852852,115954.03712947515,293377.5482855679,0.0,148477.44331997147,162014.4244675675,125903.13804122055,97254.01183080404,54564.669559740476,101856.69175651655,116553.91414899455,136318.26344284887,44254.54374621989,101465.08331739016,78273.0390365728,136637.1954180112,67302.08799277252,66573.89653477514,56668.39873365205,72205.99087058827,57646.27338681324,54435.85495469621,78330.81730672275
APOA2_HUMAN,APOA2,50159.58647832267,60412.92102564361,74574.57565321072,48638.30396470719,75292.85494271254,0.0,78505.69441279647,52313.791286694206,66506.19829588357,52519.71196580224,50662.30217295179,75890.53806085578,51184.18970135225,0.0,91885.16412960086,52957.83221339422,51194.612719341625,94676.7848751886,62065.20176526062,89670.26204400574,79958.30076301392,65713.9151557658,67002.33037480515,61618.74098373112,75011.76677340285,51582.90608268102,71484.20123442891,50744.813866574004,77329.18139336038,48636.595337851875,97418.7557414428,86954.87300974656,0.0,60241.81803020351,61747.37170088821,69173.52042928606,61867.07998365625,52608.01196893869,56784.937006687636,76446.50864126156,76125.47666042183,60232.031622963805,65237.54438338443
APOA5_HUMAN,APOA5,12807.931212970172,11138.10580183872,17836.705349648368,20336.573801521205,0.0,20926.750176747184,22045.17579010964,26829.06972585506,17727.91579910795,7334.205836489187,8416.04902105554,12967.799989240944,9015.998529992481,14662.324793980897,16539.788218726255,6066.771619661601,11917.323329467921,9305.917708765879,54923.9527476618,0.0,32395.275516192585,34876.20359051021,69514.23717114236,34632.33989249803,51652.40505485591,58555.0407956766,46110.432811349354,0.0,11459.966757451693,14479.550528767788,15748.751216669612,14704.271579421358,5062.152973544795,12003.678262393152,7920.164837996843,16186.727644221495,19052.26713114942,16992.956042957696,16282.273648211032,19330.622013342185,19799.405883423875,17726.264486677435,22593.89993369307
APOB_HUMAN,APOB,41740.6312388855,48373.099238644216,0.0,40137.841092188566,0.0,0.0,0.0,0.0,0.0,0.0,31573.033924340427,0.0,32460.769186503876,58187.8241459469,34604.20248452747,42095.54016575673,0.0,46202.100290351606,0.0,39290.164129213306,0.0,60672.06005159951,60472.43961758695,28869.65249768524,0.0,24026.553849871212,0.0,0.0,0.0,27820.43383816372,40448.29796238407,0.0,37776.937932531495,33618.14611892421,0.0,33376.58393867917,30395.75984376378,35889.483837690044,31657.616442767907,28599.307342301137,44794.99299955849,37185.03901618929,33745.010621994676
APOC1_HUMAN,APOC1,34732.50025190507,62494.37797370161,37711.555135941555,38950.93783733685,41866.59061523229,55681.94499532629,40279.660679911096,58845.89012791422,31898.235826429398,107497.68698074935,111862.95628535814,80582.89196140108,72574.86069748348,104759.91469850828,103102.05998315728,102246.20235116937,71630.21495443309,69851.28497799486,23164.731923460065,28538.057765099802,21159.796088045336,35406.3717337973,29653.686382376523,21537.894272485923,27747.41729241464,22210.538438811065,28557.09159713166,18047.66683343768,16676.853134379842,30929.461625125507,22202.71236338216,21104.888771675982,0.0,21958.388353218885,26099.44243175004,25846.069649645688,53084.21860027673,43846.34833891298,40759.62083370675,56191.339732179826,45425.70394579846,45018.49175266248,45893.43046612419
APOC2_HUMAN,APOC2,3318.531558019848,3337.419719858735,6343.831498747244,4547.655291399373,0.0,3092.3321541899745,6588.292806201967,5396.908502615583,7907.654585843327,4456.937230005643,4224.54101030776,4786.710108719017,3793.855588959421,0.0,5263.72142297857,3234.4663056881755,4396.825573323678,3442.6434640270645,4109.596989622866,0.0,0.0,5507.534878776316,3193.204869212339,3080.7458840944273,3943.479271858598,4422.685451166672,4008.0807518993056,3566.7241227127133,5652.237754614891,3784.003621127296,4945.231679628128,3704.8379009328855,6070.824297993786,3049.939889355291,5707.355165166338,4003.293981750453,5378.3423411387585,2713.4766765129134,4226.217067777358,3720.657449333545,4153.534984600062,3152.5307602478942,4424.755785992906
APOC3_HUMAN,APOC3,18701.892055900193,20802.47702946519,17177.55200350828,20805.121045380834,12147.473913567104,19280.34789049329,17235.472830423838,16571.85985454384,0.0,7353.084785778088,0.0,5010.264437011245,7435.253900785806,4579.074248797494,7658.617283083708,7575.145619410178,6142.388648875814,5369.20797873501,35191.14261549913,21270.838138512034,58396.458437872534,26681.8421876145,35098.20660640134,34016.94946327518,21832.416698523833,51017.316145309276,25374.655651035155,20627.86064890318,28542.041005500512,0.0,23032.132308244913,26959.660298732946,30040.10875809016,38326.856123743426,26390.00361487396,30846.03324563651,10726.225586685227,16254.808523359885,13610.186717452081,14139.790067416041,16027.917851619122,12092.727140730112,21973.441196915064
APOE_HUMAN,APOE,19289.331508435575,16916.64908475257,16498.77491863068,10763.924674735821,14066.898908200546,11077.762825577545,16933.041513004307,16384.890366228552,21710.955085839552,0.0,5883.713616577119,6875.544324474631,4183.513237142878,6092.243150200161,7779.850758190674,6205.095071702308,3329.367763341981,5841.880101106881,18999.15635596652,15662.673403015593,20386.772419882913,23775.99258330955,28344.33520998067,27345.452035335038,27689.913846065047,0.0,14953.794585056272,4413.149589620598,7469.2206073478255,8131.573293675587,0.0,4740.865513550623,4935.616248123869,6752.385558681114,4776.09443767716,6141.667659368007,11826.849769184666,10186.175883988846,12407.149679769593,14882.70439843675,14915.698190613584,16444.7597480004,12367.612825514
ATF4_HUMAN,ATF4,28816.98014478874,69518.68975131988,53107.60139791986,37798.04889505068,37494.55177729944,66028.46625688442,44802.434168572734,33742.49706904041,0.0,51599.508018035136,47497.877792975705,35014.23737290053,34654.81811682522,35685.353954372375,38392.272725918825,45026.388194720115,42643.809229568564,28068.593208868377,38378.76124872412,46866.53820372623,33296.780827614304,52240.52208465876,41210.09221839961,34658.68072819929,0.0,43072.73429811274,44644.98474615337,37950.06663444356,30908.6168920379,62093.076055938946,0.0,48998.05868941824,54238.60750839857,48178.67091926301,55541.671767126936,57983.92379284498,35937.82354487764,39850.60574466765,33572.67637640888,38729.9793061543,35773.8755455873,38704.737548895915,46040.24089785266
ATF6_HUMAN,ATF6,1355.7083754637374,1884.3342640453948,0.0,1981.1566180665634,1942.0176298052074,1142.3228763458087,1773.0048789826421,1439.6241348047404,1410.6519250260606,3928.927988617469,3166.487248936328,2635.2777408910956,0.0,2314.6016917392003,3449.5299021884143,3067.491300425308,2833.6294301522034,2423.644802018651,5623.860440890339,2776.5808891619677,4548.456104200886,5990.905444968454,5954.813290336694,4226.817150170101,6345.360243017607,3069.9370760501442,8010.316133691797,2803.283829541943,4106.029967794607,2900.0910126610815,2807.925920141628,2403.4916045331274,2512.3181983794148,4198.000665844849,3395.9950955502263,3205.540774263364,1519.7710563273624,1830.2235269591163,1157.2963489920353,2068.6240622311275,2094.15032624745,1477.8810207103493,3293.678379301075
BAX_HUMAN,BAX,0.0,438643.156025422,330589.6633096016,0.0,0.0,380299.45714252227,337371.9513505148,340417.33416476945,246922.32319863446,337119.21389587916,302781.64479503984,324908.1229210887,287761.9989828892,274232.72226698755,375787.77686971857,266954.0021569298,358897.8964465575,244021.0890347162,279120.1279611166,377767.497754777,238254.51800706997,477472.08293664764,451183.4104491113,0.0,268167.9407224703,322954.9337834288,267236.9775017584,290174.2137171057,225593.50227874028,538583.5320298488,276060.6516251052,279134.98919970606,306963.7333448382,381596.5544487367,206153.98113782486,474591.17013245146,298719.62945576967,231529.90343194475,336367.7720246297,286276.6575595996,355221.1520790017,291084.3613544852,315363.150196742
BCL2_HUMAN,BCL2,114908.77286663243,122150.56978497402,174340.44760707396,105165.8114136198,0.0,91380.40161172462,154052.8009452449,102982.45426202723,106287.62048967625,119118.04347680036,0.0,92280.50869734815,113958.76441826332,0.0,0.0,112256.24572505853,178282.916759192,72604.47448864464,124259.56556449037,79159.83561805001,149110.62063192044,98830.8323417003,126592.23142340835,98202.59843370283,145203.5257376342,103981.88625178975,119839.5746399039,97426.94968443907,142062.34964643506,69025.16542508366,84848.1404759576,0.0,80001.82102261054,111413.19131719792,141696.66340998156,86878.5682562611,105415.14995134374,91329.1766971348,130693.04762304349,77127.17607730319,111112.19176569227,104400.68094058956,120644.16962140574
C3_HUMAN,C3,63697.572356377685,70896.59413449398,66170.38332419028,63576.07151506923,49718.32737834984,68227.3127542682,60717.8172955092,92709.76693237285,44513.15881472262,83165.82260054885,50793.046325765274,68602.76586746583,130829.05408754792,81528.89846413089,129565.23450036997,52656.370956362975,73990.31355504677,78843.64220675977,66061.05637640848,69662.68663928298,73012.6886113344,51375.884913092515,63872.28173785526,76314.06252037801,75488.28652272529,64260.67900471535,74510.78084232994,74052.6770073838,134032.09941288043,59833.56425878219,63248.478013596534,65971.97501012644,75598.42694100532,69261.40873400745,70496.46580055272,61908.19649722809,54548.01669518482,58185.849964013796,69123.05073638883,78200.16552239469,64929.14961236772,70905.51680478523,71770.64265387379
C4A_HUMAN,C4A,47183.74125928177,42455.849402743384,50927.03681320931,63118.75023692316,0.0,33691.24612186983,34536.96631821198,79947.34518914865,49498.10277209961,69283.14210149908,52360.41963439659,80058.60716214542,75042.33743425531,0.0,42468.12672746805,0.0,55144.39753175711,70615.80815372671,39280.02061275406,41345.0126217311,87959.38517016424,63300.53477867273,43974.05523685172,76724.02026139124,52584.57669090982,68372.71056063124,63154.02948273958,72899.09433154453,44071.725718383605,45027.302993282225,72669.5791394664,65924.89142767208,50603.37028585521,34037.67014117699,0.0,46951.43355006964,62791.958843852546,68658.15040238481,50715.23939826374,54919.51756895515,62352.23254524263,56690.32187742818,58577.977273137825
CAP1_HUMAN,CAP1,22684.616931034903,0.0,23655.61366505044,0.0,0.0,0.0,0.0,32447.351800932553,0.0,0.0,40951.70313063183,0.0,0.0,0.0,0.0,30199.867872802923,0.0,0.0,0.0,18447.852172753785,0.0,0.0,34267.200330926615,0.0,0.0,0.0,0.0,33157.44657795877,0.0,0.0,0.0,0.0,11923.774158366965,0.0,22761.00918195866,0.0,27450.43103786247,28804.01735192088,27677.972105229077,30150.30439318005,30847.821967798922,30771.59430856025,30895.72375407304
CASP1_HUMAN,CASP1,68160.10120800613,51655.98149150607,144865.76490791296,0.0,60734.51385942517,53780.028319521305,168406.89122986383,116034.44437141162,0.0,96790.40155123956,0.0,89483.1746646756,75721.2487321995,115626.78351495191,120203.06338039562,85390.3256572919,115115.93139015256,67581.55997723993,98210.81986735683,147404.7490413628,54522.87775706387,142370.27111660916,49587.76899898668,54147.13056326138,78940.53640604817,92897.68784833861,84876.64889856482,71818.37800381468,149921.286702193,72609.33790093818,74803.86105933384,131240.86853780423,102126.32196044395,57733.58385688753,128099.3097581718,102998.97369175848,104062.2311472273,83156.81700656659,105838.40208487144,96534.73903387616,88934.7569898484,132264.31797879905,100866.22505110936
CASP3_HUMAN,CASP3,75641.53324525441,138867.01290812006,150227.34049408027,86708.37477912137,77368.3163582836,166577.43200423202,103842.88267397418,86223.32726413984,101360.66241702848,104695.28347484443,103781.2813726814,129550.45112882438,117477.24866120324,99296.16460041539,139227.937085259,0.0,119001.79832167613,76550.76837304299,122570.11881548853,110188.9017890208,0.0,133305.80451850194,129115.35094114531,97120.2198220144,84403.61245881952,92322.4207895416,80539.8547316121,99523.21895153793,0.0,192848.94477552822,107933.20318399718,96143.56682667327,89251.7623716374,126795.49362972772,106939.10685325418,0.0,91321.61894141727,86278.48758046485,101400.53167913058,108251.2736596008,114615.46168344002,110625.146009492,98944.92893725279
CAT_HUMAN,CAT,0.0,17330.047132774664,23596.0187068427,23317.62895245166,24690.045873423936,23451.446803874696,31385.766204463318,0.0,20857.872419022257,11101.487973933225,18942.732906110916,25763.790851554535,13590.652694852688,13286.042809977305,17582.59216998182,10220.965091598706,20424.63304096625,13307.121754023938,6874.329287667537,4843.4374309051045,7511.690645903394,0.0,12772.026835398716,7055.305195627428,6915.076338900713,7377.0068129304755,0.0,46775.4028448805,50280.19236339116,70572.01859261953,97741.19734548208,80520.54671179058,29240.927899066686,80373.57279461667,0.0,83431.58115218258,30028.840815446387,22522.576651591513,29976.157840603933,22853.049933303613,27574.70061932411,21071.05968299542,29245.565736791606
CBL_HUMAN,CBL,18918.351261430114,16112.500430863083,16140.087629115167,14452.156344279398,18517.329687011726,12908.571390634861,12126.774566485103,23339.780738461468,11584.717163662523,19981.88150743461,11667.646985421301,19890.949252416136,22455.056818790337,18604.778972852127,0.0,14221.68296886554,14441.087253573254,19434.496765331278,12704.192460515653,8412.27750416754,11681.497770372454,9133.281347225096,14550.115135146538,14298.024756067412,10841.854055070226,13412.62316516637,14989.874496651344,15106.049608961981,20823.449764063505,10193.09264906569,11624.670659238313,21406.12708965441,14845.905649729022,18968.103114357982,15424.382121936571,16885.803084084,15369.308285958725,14825.791304738163,14704.497370055567,17136.901171401772,13185.32249215727,9957.888335219888,13461.749194587734
CCR2_HUMAN,CCR2,5289.059326753198,4133.5784327317615,4769.7008933925645,5905.32453145155,3712.559528707249,0.0,5045.133544767804,0.0,3387.188772126583,5559.180353160349,3558.4160246568954,5228.194019338113,9586.464459617206,5499.797838673403,7117.706106699345,3499.9670258114184,6699.832979155438,4507.605827384291,4320.318125996068,4330.635701149042,4632.597488662214,4333.82414536732,3575.3483725386905,5751.42042162069,5109.347575290125,4323.430400982164,6456.207163855117,5437.698394857288,9208.851714531034,4008.6928802925986,4059.873003145488,5488.267795693335,4426.486096483008,4942.978087821029,4382.37874764264,6718.596382115987,4473.458498181632,4205.602268060469,4344.288190935555,4049.8774868168357,3606.851533207993,5921.402702041639,5332.221631465795
CDKAL1_HUMAN,CDKAL1,209393.33591075224,224822.37721383962,200924.023969845,269034.58559910714,139246.77678105488,252936.99650691877,0.0,164701.86890627388,178975.45589002685,98234.44743310436,97794.29267232143,73442.12450724919,79376.66464189193,96887.4701635474,93452.93132130928,108983.4583642269,97164.05043129473,78398.26634075775,104290.94636363961,84821.98624693045,134496.6457073102,66188.98608728644,113910.31881523895,97630.3671610893,89943.81768564162,127331.64138469897,68013.52500180533,0.0,99945.32704880697,95766.21213299826,73479.16669159512,77272.33116296842,71461.64805514456,90291.22169490381,74154.39625806085,93034.74086267636,178115.56410169372,166732.55567700005,198041.1738821183,136516.8778666224,175659.57592887263,168807.60427060013,115724.9453654013
CDKN1A_HUMAN,CDKN1A,3342.2717549483023,0.0,0.0,0.0,0.0,5438.33576862149,0.0,7130.00855678362,5517.106353119867,0.0,0.0,0.0,0.0,0.0,6785.71966611778,0.0,0.0,3905.39178792995,6671.209754014419,4655.166739280679,3600.400238560285,0.0,0.0,5080.642341383195,0.0,0.0,2990.220259158405,0.0,0.0,0.0,0.0,0.0,0.0,0.0,0.0,0.0,6232.172196704203,3823.4450666065572,4803.667404533116,4658.395911915075,3476.2999582667344,5397.239213897821,6250.578681910467
CDKN2A_HUMAN,CDKN2A,538442.85659771,512987.8911624138,520671.47176568856,483233.98363883345,391685.42311718396,514456.78397063544,358108.37126733275,357770.67562329315,343319.33299414604,498234.8358858972,509358.2990324021,553699.428332954,394995.64801616885,566119.848229565,0.0,409948.457675975,390541.05209741055,486328.77808837,397778.4234323364,455719.9945425008,367937.1735003888,587738.2593671256,844832.3137724014,377802.0567447724,406427.4384204555,0.0,494690.64315271407,644789.9630044545,344719.4726228063,309169.89598217636,483515.87524348084,524726.553095644,573585.3359390405,408801.6887891147,444134.3836195132,585717.9794543601,413795.89619941486,407576.8699847042,561734.4136539395,399151.27940235805,492128.40380931203,313388.22575013124,484229.1583798355
CDKN2B_HUMAN,CDKN2B,1001.5282768506679,1649.5616464088241,1179.970215825729,1074.9359323896258,515.2580703655415,0.0,894.2480038424687,1019.1757223844013,701.4639922091342,655.7454401045323,751.7113876802824,926.0383173826307,872.8731484597373,818.4882898516872,1269.9944363368154,1262.4522173443554,1216.1481211685896,0.0,1437.359903777717,648.0972902325092,2471.7268220731253,1141.0407350643375,901.4987674012841,1006.813885173591,825.6547749458463,1254.3998796879252,662.346079147747,487.6655134137014,709.6026546771506,953.3901801106665,920.4450325884262,1038.4231166856794,1183.1898193434697,968.2880540135957,770.0644798003606,932.9198161170879,830.3990240902114,1106.6453385501636,1020.0059225260533,1009.6505295589327,771.4892987754289,975.795238734108,970.9569068259489
CETP_HUMAN,CETP,43818.00001764437,29658.29975480424,21483.986585173367,25271.248434714056,18131.8397128159,22442.66063835259,19799.414592035497,17335.02098537794,16811.381561624818,26452.861971383973,0.0,36817.08629233698,18677.470003226088,31662.91919526914,23524.887343475395,31258.532422358036,19508.168670866933,26547.584945124763,24164.15812352924,29458.495250933825,20978.28798478591,34838.92556623831,0.0,17065.242897101238,33014.85759855859,18530.349153455812,30496.82959680659,22572.277113582757,20745.25776093865,17243.41270476908,34914.698247085194,23783.767920537666,26113.208081710225,23497.256772721114,23025.423636432624,28272.948802101313,27264.906566550126,28793.033921501396,22488.3987735448,30094.304122083577,33962.50703635724,25165.816504550075,26191.309994053492
CHUK_HUMAN,CHUK,23218.98316323067,32931.67637552925,47505.809237856716,0.0,0.0,26075.36032717384,28130.911780668495,25277.22502912427,38482.48321415696,27261.017075094416,32240.033997250943,29574.55851030393,35327.8036243144,22886.49564816319,27173.935104187112,30656.248379849418,43813.178304548506,26706.318464845965,30659.47128740768,21048.01673314031,33816.399270449074,35836.7519018415,44318.727569322975,17111.04710422183,35539.43387038842,31044.32736396339,40646.8563238361,41381.65739421318,42514.39372556804,30989.652539465224,34255.16265566859,0.0,28870.148613679714,28855.547540120333,35550.08736147223,30163.917027610787,24732.89456857135,35290.14923879879,29976.180294460082,30775.05393849916,29235.43595895044,24877.609449435793,32795.78476832868
CKM_HUMAN,CKM,6926.755587971547,10007.650163566248,8391.122614912429,12218.421285242526,11077.310548302226,10689.138928320077,7500.717860337467,0.0,8887.55641681399,10220.497171883178,14505.306967722512,11292.846378702105,9480.526785837526,13350.00119409914,6117.467617889776,7803.792714637364,8994.269103820454,12385.689745181642,7876.6842028869605,6247.08210356647,15755.861156639286,11988.234424141308,8787.678863308682,13990.833375625116,9334.730155356487,11540.688929722348,7835.005305422285,9919.981830338123,6574.399906410674,11721.57174005082,11516.90328493094,14010.512520391663,9436.420236550695,9506.936177951116,8263.775942708045,8571.316839289926,11201.416117103912,9151.516554042559,10882.172039608231,12649.324887048835,8946.868382088735,12473.122154314538,10059.847852542505
CPT1A_HUMAN,CPT1A,5051.4009981006275,0.0,5188.869595063785,6122.1517645621925,4483.559677386611,6639.250626307143,4615.123739920026,0.0,3788.166032001564,4185.375210141374,5254.402357408409,4356.6841324415645,4803.523461291563,3940.560247616649,5328.925554437227,5393.317914666462,4969.552645106546,3453.2319576475884,5902.706297852993,3731.054369101412,9385.141336661776,0.0,6239.214622485735,0.0,0.0,7768.543162044521,3663.3258761322145,2948.2700580595965,6235.4772593537145,6050.185486617089,4612.18757849113,6125.953460916377,3973.100682745432,4719.6136881647535,2645.118024706323,5536.567064055426,5422.618012815206,3714.3286980785115,4331.034929306412,4282.6609424977605,4337.290100614802,4492.194292403394,4920.254426862555
CPT1B_HUMAN,CPT1B,9740.278899037809,6708.3084149113665,8068.757914742758,8894.72937267423,7162.271860931525,7287.129022755421,6253.711576728195,7158.520754745528,5930.427366768831,8395.413702564036,9346.017753506658,10744.76104506769,5332.34740505255,9373.83398691344,7484.5668349327725,12264.711193836674,5910.899603414381,9995.224972771754,7950.133959823635,8531.673103172272,6223.189076850439,12288.140496537171,12996.057081385474,7168.268093520382,6903.542129104893,4864.470920186574,7114.521358377557,0.0,6236.567307423268,5079.818225605746,8584.6983625609,8414.764150320847,10662.633952641778,7010.516842853761,0.0,0.0,6270.270575431326,7855.681681701794,8365.23686568762,7723.274608320177,6659.2351413593715,8005.024371629997,8082.747576642242
CPT2_HUMAN,CPT2,83249.23059678877,74908.28471514815,89232.81330471345,93324.82938345779,87935.01880976031,46059.972323519214,88359.53766582427,92708.80695434686,152600.63790225235,82028.48825851388,62484.567744263426,0.0,66410.49556275524,87830.81196093195,107416.00363449202,140586.94053324475,0.0,55373.04448890401,73631.74627209206,45647.83248296105,78490.76032020643,76377.91503691989,63062.8810554029,82342.19288835282,90503.82584776387,65301.48944410569,54502.420199318454,53407.28320274327,79034.62364191352,81087.1646426284,120696.20020976788,38343.2244245881,87800.62045434308,57719.76126601557,59921.57565934503,101372.60922517626,63078.856784082105,75944.20023585914,64710.433214258905,73649.66705073844,70549.66751004728,82316.64369550583,81347.35303611639
CRP_HUMAN,CRP,14601.118144594584,14603.399135681833,38546.00504715498,18349.719708296536,0.0,0.0,29165.7764308053,19767.993980160703,23120.437263349555,18288.848829849725,28355.88367853046,16278.203115671367,16767.38414497529,0.0,21729.857899327373,16150.670846216131,24668.274667560898,18564.9622650449,26030.773576186395,27349.4773000086,11312.190525313228,30112.681715115028,0.0,14325.162200222747,22877.758328464715,21665.446286173505,19174.29886052587,16482.55939747301,28015.949327212507,19594.61267171964,0.0,26447.880790511605,23132.14473475572,13748.3187723724,30775.38262305675,17347.11235859755,18899.15146831085,21840.489448630473,19478.76465814293,16597.56926638861,23016.019933783104,18734.153875202806,20154.651626624833
CYP27A1_HUMAN,CYP27A1,62265.261682094715,0.0,0.0,40858.55849664239,0.0,0.0,32098.16679296737,34384.054196427496,0.0,0.0,34796.74597721916,0.0,0.0,36291.71589808466,34323.1179811776,0.0,0.0,0.0,36798.00995450226,31222.36004635857,0.0,0.0,52170.839401443176,33343.062291353584,28140.558651000825,0.0,38162.232167539245,40857.187396687055,20584.883544069988,22911.464939301946,0.0,37081.27196687672,41516.78949495111,0.0,27730.841033643628,0.0,33536.5491815011,32209.029131285766,29134.901463228558,30651.66211793218,32709.798380863253,36604.13700158485,35754.90276208222
CYP7A1_HUMAN,CYP7A1,14009.106311623786,0.0,0.0,0.0,15065.071143615742,0.0,0.0,0.0,0.0,22514.68007328143,0.0,0.0,26825.15699256297,21006.121542428333,25825.302756741683,0.0,0.0,0.0,7357.302514810481,0.0,10165.049139156385,10128.338758063086,0.0,6463.009686964568,0.0,5849.918097028656,6382.905457074055,6895.130907615584,12049.420197240843,0.0,7226.112125057861,0.0,7600.3914219764765,7074.991071449537,0.0,5895.709723844964,13264.112152493786,14815.72939285432,11631.839357065124,13424.02937431753,11658.325456153607,12155.214382696922,13139.367349954045
DDIT3_HUMAN,DDIT3,0.0,1445.5642504745679,1128.708601272227,1438.1489494037146,1168.7153944582626,1072.6512426411289,692.9210042410681,1220.926873380825,1134.4901719456661,461.3113613935386,302.9985412636538,471.30066585764865,431.1949180582727,544.611578443925,204.93135670264226,409.9908968987096,288.2661608619494,354.1252253404561,570.773015801516,478.9853862197821,884.6154323924959,772.517511774297,485.9624048394925,869.9982909353926,726.5350962751443,1002.8937148646057,834.2776624251248,509.41941185668884,365.58113830859276,0.0,495.1416328543202,494.641499180344,588.395263153754,0.0,453.13035588704423,527.8108055349576,1050.1953399011934,1131.712861448075,1682.6376255740354,1106.5627754640116,1004.4796714414616,1059.1868124826979,702.2814048590211
DGAT2_HUMAN,DGAT2,25011.351621364774,22460.054211571576,0.0,19878.873288421317,22028.799014537828,17409.55704623194,20634.875469629846,20172.41315340156,12716.437078268786,7166.682533381445,4353.536404000432,6367.819893230346,13091.416370378876,9830.765013518745,14497.601319044263,6816.867694834152,11330.372697891722,8276.793129242753,31185.674333287625,28159.218102412142,39168.507959849565,32835.03158827101,29264.93915907293,34361.75049509936,34790.61273375242,44901.10475370391,0.0,11157.00907543996,15236.33565034773,7795.419446841201,8003.955614781126,15399.422991344229,10468.527618817889,9968.623231384576,10088.153267667616,11127.81273453353,12512.575763655423,20569.4497399937,21793.682578098116,12991.072041813579,16133.06241945594,19683.946906925637,18272.089368761193
EDN1_HUMAN,EDN1,25854.202904611964,19442.14588143042,13423.860905866215,15329.383709223599,15652.322668847812,0.0,17276.533382771857,18014.77391990226,15424.783514566869,19782.49864837652,12753.355735247836,17188.663018944608,33856.4907789617,21565.578905782062,27018.42911046651,16673.892094454503,24699.708857822014,17051.78771839849,13301.813132259656,12286.159441194823,22500.195953213184,14603.591708807317,14202.03848614326,18995.044108980197,15207.441903820427,19784.435609974174,24938.599309245663,18354.65370497495,23656.362651376723,16196.55464990009,13569.76074892516,17849.428721098724,17455.447431869932,21004.36188252032,17359.86698741974,15541.862531417642,18895.409972607024,17104.65846210904,13761.589870148224,16915.682718443048,16962.015079641897,16370.624847691688,16810.687695490557
EGFR_HUMAN,EGFR,14675.844457478079,0.0,12847.16045520127,13706.2690394956,11511.276908038366,12371.01606221589,10444.891026149611,6808.39414595061,9422.830437806153,12485.54849283586,13714.818571782153,15883.099788063128,8029.107453760968,15667.61322101976,11077.725265633726,16008.109458916417,9898.016752101714,13818.332607009695,11653.896414161904,0.0,9850.928005246587,14446.399097777234,19601.00503893628,10288.21299180592,13952.231561265768,7403.902853771144,0.0,13227.650308623544,8068.769333107119,10739.73619433556,12081.336342614293,13812.345308325639,16198.528062081781,12916.624741313852,11393.72453970327,10276.55688816246,10313.51702844323,13793.780724776056,17438.161455646892,13831.41537460118,10885.98348293209,11095.492097013355,12289.330406370187
ELOVL6_HUMAN,ELOVL6,9622.874306599759,16290.037633620897,0.0,10446.015688305215,7190.007901632544,12503.585457741927,8775.210697041477,12316.359679919022,5887.259375227974,13743.216310878373,11448.150791230259,12964.800132851115,9723.531747948287,13810.020167369263,11066.898724197323,13191.651334828162,9189.457595512164,9551.77174243684,14186.479194394591,13315.727065153336,12051.995731615156,18338.651171378064,0.0,12349.778192009557,10818.202382087422,0.0,9839.982427010636,10764.715749438883,5304.718717514232,19506.440371765748,14942.231882931559,13214.918525637515,8703.813907714453,15856.707791439027,8066.189898766569,14124.160713521813,9961.010969701463,10124.50958734884,16121.210065292371,12873.273291849855,10183.372145965366,13264.264965059865,11717.971996733182
EPO_HUMAN,EPO,91246.630702452,150176.95209212377,112927.02665896596,94738.30037909425,101418.39013401892,133043.5821910102,125081.76621595424,110302.26601935121,82411.29471975667,116026.6254980743,130670.95701572005,127902.97627581624,85126.1881906728,114346.05798284242,129592.1695572931,159123.3042655808,137999.85484800412,106562.51785671763,98927.14504310983,114981.84173928158,123723.57205974185,198701.78479632072,157674.0495330364,72222.47658583592,120313.45177975399,114124.34628348426,114662.0279440363,121251.40133576716,90961.21838626552,248799.21112364903,125592.20388268837,130784.0736651222,108057.35835177822,171525.8034677574,119466.23505643486,0.0,119211.69241701506,98599.07685799252,168426.7685367609,161161.11469609052,141237.13034491136,138196.83840678213,136121.18430725753
ERN1_HUMAN,ERN1,296311.5255305086,263178.52091573976,283565.7189617401,0.0,225064.91344392087,199072.85843428812,0.0,187055.19056301613,219996.31760185273,256827.54483995502,198703.2977240333,0.0,162899.6187700031,249637.23875863163,181814.0939777191,0.0,196390.04235924527,204516.6522668044,216654.7310499809,0.0,178223.19557754014,307937.63012112246,315914.33507252025,219696.85748021156,283379.43368006236,193909.30285417318,0.0,158771.60110589897,169360.99895085473,0.0,357122.46839339397,198993.7763554238,252429.90617345535,221696.3600502923,249439.05608082298,0.0,270453.6179674162,204563.0576783581,188149.2857045825,252286.7207411495,245970.0380145715,269339.35826697276,204947.43102970466
F10_HUMAN,F10,216569.02142797547,224732.96831338265,407964.6514627301,286155.6167329771,218455.7137985993,0.0,0.0,0.0,414492.68046363053,268514.21589111025,363584.3216772274,199373.17863567936,316441.6058989368,198576.10139800145,0.0,449835.59692671127,0.0,165286.54958199788,0.0,0.0,0.0,283612.80929799314,0.0,0.0,233393.05932632202,0.0,284034.0736831008,231241.9881112071,0.0,194446.72000148258,239332.4475858239,260528.27038549256,0.0,261085.57710985752,0.0,186584.59880616175,255747.10708147672,194896.45895719726,282254.06978568464,266380.94966037193,208002.54999871645,241983.53719359718,273918.65305756166
F2_HUMAN,F2,475649.51439485245,0.0,496693.7342750581,651031.1767493403,461084.35844426585,322238.75005104946,833781.7245136464,486360.7653314886,738844.7752371725,510502.68058136426,0.0,490067.7671723056,729451.5509606283,585593.1301705735,0.0,412062.129127776,412384.58469321707,609140.1433266122,822929.2310366998,562850.6550340105,159392.20148010307,561842.7905219917,0.0,419924.65562866617,529724.0825154235,377910.9113711684,409934.25247593893,306559.6012626206,733205.7791367947,405857.4857992659,0.0,482875.8187336735,748448.1434579638,217722.1128545268,513611.91277659044,302792.1511599315,600059.4223827211,454846.1489848857,460390.3374424107,484687.5822052108,488986.53983458946,526227.2956327804,491463.7315188229
F7_HUMAN,F7,20317.091178418792,24666.213801602324,0.0,0.0,32009.66437756158,27350.558699447036,20930.312927162926,17656.627640089628,25326.202971150655,0.0,13942.932881526805,20696.30442673783,16681.977585517874,14057.37902028955,19071.485141424815,13039.190124503682,23638.278470358568,22917.803695521237,18106.828732517173,25413.05118867475,17783.11061864148,12972.982401467914,15943.469246879347,19813.215005180802,22651.99942678738,13759.024428578554,0.0,21105.659299569976,26156.963669013337,10866.109325898538,25703.72948252353,29731.779136811227,27367.17245625794,16932.483691675243,0.0,19651.727588000897,20712.00087942868,23717.19553672115,22603.764368001728,18577.54376005358,30657.412105879637,21256.828997301614,22355.390183616208
FASN_HUMAN,FASN,38018.418238635844,22465.14339056965,21624.486160773853,0.0,0.0,0.0,0.0,19987.31919464662,17566.245064667877,26312.83569302126,27904.30018059171,34533.593110747126,18359.838488302736,23281.005973107192,20815.41746387472,19879.612927485734,17748.79147092173,26834.550987715906,18490.87938767897,0.0,22617.119512263926,0.0,44541.32324994609,22176.07513368579,24795.558225205394,17416.74475506563,0.0,20109.706994967055,0.0,11310.30968738963,30879.6394629213,22763.57005668414,26832.35695051561,0.0,19609.400276392917,0.0,28813.29471040373,19218.077139411747,20932.157467555233,24763.20802019565,31557.96805329593,19966.582136559653,24149.610887638017
FGA_HUMAN,FGA,28000.75676838115,24071.50070265336,50212.62051290065,40226.91071891081,31345.14135529004,21654.956344730697,38808.33786506483,18991.79698868139,33486.26323280326,29446.455731009217,35052.1130041244,28495.282188377143,56792.53120380806,28955.23987873733,35138.85187209629,35505.11804573679,41306.017932892886,24306.12778552926,0.0,17127.32043231387,24769.473533150507,37049.46070998256,27260.03182344889,30387.54275377104,39548.41049974119,27115.33408639204,0.0,36131.06354153405,40776.66505383535,30834.679356442502,33627.65403514305,31124.33816084863,28929.506858517667,37059.4201406006,0.0,28507.960940752706,30223.12602551516,30069.69859819523,37980.89644832349,35902.637047559976,27211.853747982677,33305.53980426755,31232.765765410655
FGB_HUMAN,FGB,29266.94228408768,0.0,40975.21275760061,0.0,0.0,59254.24430940513,0.0,60687.81839509641,42815.71362853043,35489.9914733503,60050.63468674927,0.0,0.0,60666.675895500506,72449.2458597467,0.0,0.0,0.0,0.0,41604.64609679172,0.0,0.0,0.0,39562.866087720184,62667.90316240129,0.0,0.0,49511.64715698651,0.0,67743.59790335044,60076.33751970245,88144.19718729919,0.0,51544.54715729644,39815.31162699332,65436.120167427995,52433.48126175951,48371.29176907447,54672.04771693415,43838.168478248794,47642.08585355488,46769.302680146255,51205.36999793583
FGF21_HUMAN,FGF21,46095.63414837188,52307.46927349135,59557.55786789406,53897.195279278945,35499.69690756751,54972.9150836917,47094.85016429912,41418.23498786992,36532.65382143146,33755.69159095108,44107.98608329102,34515.547529947515,37373.0498207741,38815.40035938797,52842.7173345222,37445.44955173695,0.0,23363.466707451404,54894.0174490335,39765.694583296696,81702.33708573843,37576.90448432867,48674.76964410741,0.0,28748.259033722814,0.0,31373.32916050975,33453.02730510368,0.0,40919.97826712658,41591.785983332535,30786.390947735574,43446.47940073638,45591.50258505421,35156.65541819571,57850.68691130907,51076.60966463053,37124.64964146003,47674.85097898367,42235.52151651767,48436.397001522324,50285.637128706665,42822.13905993199
FGFR1_HUMAN,FGFR1,0.0,94361.36779434155,0.0,0.0,0.0,72131.68987525186,199229.87378636582,131645.15392994226,167021.65444304273,0.0,211384.14618333554,154493.0475372679,151819.88446193762,176957.328595818,0.0,0.0,133505.28159958674,0.0,190114.94915208104,141529.6784191,0.0,146102.04392646253,116046.00193824644,88447.89051637572,112783.35709222022,106819.20802071957,0.0,144840.95070899872,196005.0423150647,0.0,171063.0617701338,142294.3104581511,202731.63852411608,72486.63441029849,163199.56593298857,127469.69834975417,116242.72902871479,136953.09409706006,141291.09378453685,150131.0088995793,123850.83421619443,86871.281000735,134499.9224360916
FGG_HUMAN,FGG,0.0,4474.815614064011,4323.909569142912,6125.282902108915,7790.563158594839,4350.275085261047,3131.7613330002423,7976.93165811985,5694.693228019002,5365.613811012671,4185.140939315906,0.0,7013.069274499523,10610.724303054107,3735.128411014143,5383.797681165421,5219.205656217712,6508.9185976894305,6119.936398431292,4549.626861663648,6948.305360990781,7025.841118020748,3704.1282375411683,8299.944998534662,4490.674941358462,6130.917009533126,3709.152259182295,4706.422531357606,3976.781841487149,0.0,6377.577664298212,8372.013426941128,5126.430972512757,4255.192589884557,4450.7432203028175,6060.2521883063,6107.814856328687,6070.082197734594,7379.58701644039,6103.117319710536,5173.3561136755825,5506.799838669511,5867.340776155392
FNDC5_HUMAN,FNDC5,41937.95501515308,0.0,45173.51380444903,56698.98314841341,0.0,43081.11450303873,25573.380997332653,0.0,46004.701310462166,61923.96651041001,0.0,0.0,59171.9040029042,0.0,34668.11713224746,63478.896952545554,53346.76879166693,49732.7494880034,46753.50621287742,31230.15181417754,62749.13828823168,47019.36210216905,29299.029386225728,75076.96400388776,54082.593567804186,49439.750531163074,48564.76379376052,68431.2176350565,34452.36495763685,43844.220075505305,0.0,60620.47362345854,50429.06814555311,42122.32956480957,0.0,0.0,48382.900230782994,55985.322520470596,58197.85170706279,53096.81282665716,45584.82257334568,53639.442170189686,49831.546588151024
FOS_HUMAN,FOS,10477.13598457705,7525.86735970247,0.0,11894.684319485186,8569.321579853655,5444.3192231638495,10354.895792927884,7736.755120136295,13430.915363330647,5090.211713937769,4431.640588573028,5734.179752224642,3854.529154836154,6637.578132437564,6152.034544746602,7244.641259207251,4669.823212247207,3217.984635948957,4494.9265671918065,2872.3521081314702,3380.072404740504,3810.580084841677,0.0,4324.844420299054,4555.545467068989,3741.316107333298,3389.486102317555,10204.293820806928,0.0,18136.620532000175,16422.13172555086,10258.5321026573,19962.376062636165,15514.882173585154,15057.899821085497,19515.07658422396,8995.879161630395,9661.21625305141,9618.24258965184,8862.641214199142,7960.4805218335605,9248.767182449894,8299.469082993519
FOXO1_HUMAN,FOXO1,26391.821130098502,24236.948546806725,20129.16311072022,28742.997372867383,13614.843219333417,19945.079492150962,24034.88491731918,16543.684820172806,12145.115013711682,23967.784813629045,19658.651154724543,18471.669462969898,17448.68978283582,20460.08688143858,31486.44340325763,25041.124768098143,23532.311820099367,14290.56064966704,31591.083286905872,20942.13785198861,46653.37334191594,16976.709091862544,20425.959977606544,30080.530914086998,15635.229724523933,24696.002555511634,22798.534132356603,13018.540576764246,20813.181617372604,23355.79088856319,13581.300363708044,0.0,21269.62236327797,19546.158058734163,16576.897828469253,20949.618459484715,26354.00929911367,20179.22663531718,22585.99057262046,15754.025415805661,24529.47532351324,17146.567757591893,21867.501942061455
FOXO3_HUMAN,FOXO3,65061.20227792137,0.0,97926.29280795304,62494.7363441431,68943.24477060314,59772.194965947245,80947.02338715941,51043.26097941832,60585.94328015726,79228.05838743884,79396.13188451776,67810.75812762191,87304.08157513346,64331.969378421585,62180.28709730513,68343.73767390384,86534.35054929618,55174.46012696577,80664.46627920635,0.0,60855.583160201015,86784.60836021966,70382.15746142833,0.0,0.0,51474.026229582945,95243.84135488395,64189.64915941836,75069.6238071631,70935.58555914786,64791.277344951064,61643.9393400831,65321.705608740594,69990.39190570221,62222.063786758416,63887.09744672791,70691.4106354552,61621.16443840552,75337.78262005371,50692.78694889818,79339.98498014707,60721.72193075919,66493.76396365704
FTO_HUMAN,FTO,19869.7199235245,0.0,0.0,0.0,0.0,0.0,30157.57282626061,19857.333610227746,0.0,0.0,0.0,0.0,23710.81402814756,22332.476431316834,0.0,17621.378479872674,24652.19867711154,26263.106292595858,22154.13032363676,0.0,20653.642246873947,0.0,0.0,0.0,0.0,28282.334030356677,0.0,0.0,27054.456689794242,0.0,37661.13270046039,26041.541917126975,29796.11696267987,0.0,16292.021324035695,0.0,22649.200985915453,26752.19361421517,26845.57074636914,26883.11545792697,30194.91168510517,28006.741271269806,25682.91572935861
G6PC_HUMAN,G6PC,18047.897820328388,0.0,0.0,31172.38713417988,19897.12164501214,21298.93256177414,24321.90098439913,0.0,19062.334471511538,0.0,0.0,18497.099911640737,19845.762587041874,15387.6284914202,23945.536612336546,18650.578332595753,18545.100033016784,17970.820030152947,25891.78825530739,19430.938719874153,35534.4884214748,18295.549971097073,25935.81188009609,0.0,15331.683322361781,0.0,0.0,0.0,0.0,23284.27728744434,0.0,19022.8268325278,15960.160179479743,0.0,14232.6089417843,0.0,18183.033447429163,18547.233127168543,22178.856855825,21456.504889253643,20219.424227362757,15149.438404678755,20189.39903571767
G6PC2_HUMAN,G6PC2,9998.079334068045,15338.627599538615,0.0,16085.185345165037,17340.999655736985,0.0,13607.624407219124,10304.186397712301,0.0,18189.67740621264,0.0,12410.478580346396,11727.879985716881,12447.921249810743,0.0,13439.225296236062,21300.708704896126,12289.954928119487,17614.1780785255,7507.688293040071,0.0,0.0,13745.902518642632,12524.562787499,17960.075711899866,15469.964448558905,19560.686804494635,15009.24003651589,0.0,13180.066485822388,9923.037910047167,14350.644654398764,12929.820520492558,17091.5519297316,15636.866319285526,13712.692273859562,15508.3218467582,14140.3723543752,14044.175372724525,9944.818809694776,14750.059031121275,12257.375891017526,14449.809926151862
GAPDH_HUMAN,GAPDH,0.0,0.0,0.0,0.0,12550.001711004585,0.0,0.0,0.0,0.0,19252.487914489993,0.0,0.0,34204.1633155787,0.0,0.0,0.0,0.0,0.0,27981.245577215737,17239.924593472642,0.0,0.0,0.0,0.0,0.0,0.0,0.0,0.0,16804.019078160818,0.0,36454.558684156706,34309.77884856591,0.0,0.0,0.0,0.0,37383.93434118484,21217.350839388284,26413.29321901956,19555.84199933774,23263.267525106414,32235.635892376868,26212.45492948191
GCK_HUMAN,GCK,0.0,15186.417986500284,19736.679122597146,11299.764212718615,15497.151582578932,15173.151845610137,15569.681676059006,13577.379490643494,22729.093631331703,13022.94190482027,9919.341760625943,0.0,14707.880017675783,17163.956833523847,20046.037612575336,13319.835154855067,19359.73440606704,22840.64179264306,12020.488365913241,20834.75488912322,11493.188496255354,10832.223165903408,9585.708789287746,13002.314288809353,0.0,13860.162594145566,18368.900049225493,14102.455542990385,16751.284804898045,10140.947358794001,19833.820471556548,17594.818203719475,23919.169160522088,13341.623880896661,12135.844590750634,15468.658191151442,12070.395294624155,18001.492302921462,10492.129206299373,11413.715219636668,15537.572460942825,16199.54923661257,15298.20457595269
GGT1_HUMAN,GGT1,35805.05382589222,31080.00955411356,37774.51783631122,32643.781441079245,0.0,22150.096055959635,57103.63972128626,33266.30657603983,52694.84542429959,36930.14846308973,28055.437044338618,29020.344989752153,22814.674642763184,34559.02621086257,0.0,0.0,21675.334489347344,28230.00247732048,28512.187295519707,22496.86150830856,26334.044648997235,40177.52133426439,32084.93092711368,34599.98202402886,32151.389352848953,23500.830790989825,20899.933053363162,28363.59036308713,30208.717904548746,0.0,44259.433735502134,19758.1566800584,26075.673568623846,19478.525451786933,28211.456160495007,0.0,28796.336208452856,24378.32987637734,29704.215893634708,32245.660814013954,29621.943212479975,23273.59768506361,28911.598415808876
GLIS3_HUMAN,GLIS3,33106.55992086323,32390.784321705407,40478.93282443022,30566.11532420032,34094.03600174789,27678.709510351,33093.84820458075,39714.63403959519,21360.74766964115,93270.66272091301,53883.61930114701,73696.59882357283,128059.90516572348,113896.33136948306,126670.84943164377,76130.89764161578,83690.77710615772,86801.84621044886,14778.636599703572,16155.914193625917,25971.42415435565,15801.818619566053,18970.250410310357,28353.84200788597,14566.465075628481,19220.950997266278,22457.66141580503,18525.293340479948,31560.950991471087,13088.675502952545,12226.340276184052,15997.35130382033,19003.893234956002,18384.13509879724,16307.488188580473,16656.65233996731,32235.440727767877,24522.336872938366,32496.028593060473,29270.9519688053,23990.754991525493,30755.697140778997,41462.268978863234
GOT1_HUMAN,GOT1,0.0,1358.3803726255449,1554.4234319233506,0.0,0.0,0.0,0.0,0.0,0.0,0.0,0.0,0.0,0.0,0.0,0.0,0.0,0.0,0.0,0.0,3056.7106704970092,2120.3163131076767,0.0,0.0,0.0,0.0,1853.4213366262254,0.0,0.0,0.0,0.0,0.0,0.0,2840.6965058851047,883.0576813383077,0.0,3360.8354750155045,1990.9978578156367,1489.0487280469008,2109.1917530277633,1989.8294751959966,1819.077940473205,2531.9404838100413,2237.30014599836
GPT_HUMAN,GPT,27871.543885511845,0.0,63416.72005026095,46302.16524458091,0.0,37009.933350153406,0.0,0.0,31943.38141411169,41247.891642088536,0.0,0.0,45023.0284015245,51574.69798351498,43306.85779764238,0.0,0.0,0.0,52429.480341047674,0.0,40867.83843457951,43497.55891366126,46621.359943723175,0.0,0.0,37143.77465407977,53029.64219303286,46582.785573917616,49224.935811286436,30102.34293515582,31596.92062739315,0.0,37344.87967604056,0.0,0.0,28362.085894850185,50949.56349270109,40514.86501324103,39491.93144135197,54253.09349425844,35857.23745010944,34820.88536641832,42257.34153260742
GPX1_HUMAN,GPX1,20652.582216127197,0.0,37668.48560708726,28313.36452717647,15398.899857486993,0.0,37675.338542497,0.0,31336.560841415143,20018.264334923777,25582.834838588406,19386.5932425152,18097.03689485663,36207.8251784255,35132.52134477597,17564.14505035396,19182.65436750322,27364.908023654094,22250.39383336162,27456.018136440667,14527.774853406783,0.0,16799.742110275576,17242.766007803453,22574.417932424094,25033.705410432027,23310.84960220005,22789.92592892107,34755.32765888259,12163.727792208614,23785.897182169203,23710.777244446963,23864.464832017416,15251.107150130314,27362.612975409105,21534.655235247832,23145.12413124246,24767.252686874457,18304.331089350566,19016.454443243554,19019.855678639993,23024.765608038375,24983.209864864984
GSK3A_HUMAN,GSK3A,0.0,189529.63083807757,180437.8170383317,237316.6210290722,214354.2669516012,0.0,129325.92615431287,330224.8314907786,158206.1789236115,215201.58154210556,153149.3221454592,297243.5382933937,0.0,0.0,112028.75517861005,235454.67562137533,210680.90011038948,0.0,199263.8825669708,122098.41986145034,259423.72962510382,300230.08735908224,133985.3883852962,0.0,240004.21915864752,0.0,172391.26677216982,226419.96045622483,0.0,0.0,217614.10577068405,259518.3407604839,0.0,204981.67990059571,176221.76117701124,0.0,228778.98913656722,214706.6254534376,225566.62878434506,270935.2050681554,217081.62504497834,187241.9156241802,203770.05255778108
GSK3B_HUMAN,GSK3B,5156.9614065084725,0.0,0.0,5641.215035285142,3931.0982272609667,3688.3993933841525,10257.02520162968,6123.177768586925,0.0,0.0,8454.054255643554,5647.578242119324,0.0,5884.243433164721,0.0,5036.91777248213,0.0,4985.686346740109,0.0,7248.569782586666,3896.8748328376487,7051.259789888892,4147.241452813542,4379.862328246941,0.0,5954.191267361468,4541.963449525227,0.0,8109.015379083464,5309.267997967236,5223.722238999125,6996.380151576042,8714.47128583763,2563.9716651865783,7934.312350848961,0.0,4353.663936256489,4734.291731310061,5794.495865661783,4423.156662402493,4509.033492458203,4542.836709405139,5409.095482278151
GYS1_HUMAN,GYS1,3980.6337375638627,0.0,3567.309524230952,4740.858325321728,2557.4679021992174,3687.999023743898,3216.0621747295518,2701.3367376739084,2935.6856635452464,2065.179718910214,1693.603909944893,2040.0312051998824,2531.647787071647,1854.8037888107594,2528.4261539783924,2033.8169011404432,2257.678245195644,1166.8239984405789,11943.457569589391,9238.322236844346,17671.77477242152,6961.528470522766,11952.08647814288,11028.88326332978,7292.348135105769,11479.854750649596,7475.93933309202,770.994217517625,1211.0485454205686,1300.128636090598,1196.9862259030006,1366.0666843015686,1159.610634642337,1490.8772432780506,1055.6624906839832,1497.7608054488885,3644.2827022342467,3218.9514017767324,2731.279331364268,3607.069026975987,3495.684200089375,3911.4923736910314,4478.6666033029605
GYS2_HUMAN,GYS2,11409.138595872555,7366.348775561176,16371.435198488245,16949.189303507224,7999.867985590962,7096.3119707026835,16633.630831917642,14036.678720224432,16412.300632568877,5826.911887384733,5921.64219237297,4807.7007060390715,4058.8321629873917,7388.815279596961,4261.081809937871,4312.855485956815,5236.249427271682,4456.549918127377,26682.789601586206,41613.47415065216,13692.339352345667,32374.941678378556,18127.607564705795,17774.899037539286,21428.684344824745,24086.244357792206,24298.584285281628,7043.899060681985,10373.492887717375,5885.375566813513,5460.972624685483,7911.094932852654,10167.009010926935,4604.140214093192,0.0,6064.156420520955,10150.536742219174,9787.058420859734,11127.34463354147,12193.207849445333,12689.88747698218,12700.076629210766,13012.741689620849
HIF1A_HUMAN,HIF1A,22691.39070155137,0.0,15077.0913884561,16544.347403176933,14917.50807203941,15989.59260881462,28047.122361246096,27545.962536008712,31936.612361929936,22900.02670034299,20186.279558323942,28426.809557886583,19756.82163082411,28201.208220692508,0.0,30815.38274124325,23604.109097548968,21194.56210677516,5876.1294342407455,3220.7219279463166,6782.719670185923,5693.786649896589,5121.564680466002,5148.865659832052,5682.259133329906,3570.7459900544422,4963.326340808289,0.0,7914.9853205032705,7397.830956627141,8339.185637709117,4269.041902618659,7055.214840280187,4090.7434707487773,7098.948639379429,8919.67575720974,14625.812281538296,16545.08129972084,11369.436106809559,15542.687246437255,12471.930318533421,12316.641066989589,13742.557756307526
HMGCR_HUMAN,HMGCR,35082.90847545505,90268.63041937658,57707.57482000676,45132.142289152755,0.0,56086.977990082494,60981.17548510982,53971.62640564379,32166.95835155568,49159.93872026776,0.0,57494.970105362365,35670.060034734124,53906.01391176923,57920.010995381,62878.65958248705,58966.55891030747,47215.91249834397,59460.536370273745,36097.58305272706,32991.399444796574,88776.79381815434,68786.49309715322,40912.799004749366,0.0,32364.53799384301,27946.520970797927,62351.90259661478,30488.770256977732,72702.37808700245,53683.3364168078,48333.430367851506,42293.725779214765,59487.209831765635,47349.66642002983,54806.31019444217,45675.602011042545,45583.48936298017,45408.0314360754,41737.31276598443,56811.55565211826,53100.21976076004,51228.24163711615
HMOX1_HUMAN,HMOX1,17475.06737195092,23975.12403175574,25265.116032029946,34442.6749595606,26914.781892684598,28785.97652633482,26679.403791396657,34469.6002717227,29951.557928656784,22277.419347777963,35767.71013180944,51481.8506223162,30233.124672164002,31435.65877696247,41884.685278272234,34777.12552498404,34623.67269222392,21312.873769343638,26356.35402499669,22755.432670521535,0.0,30869.28639197525,46760.51298983553,26503.609927959616,31708.587714048143,30823.975190310735,25078.403268004873,26061.469836397344,21903.601408752904,0.0,0.0,54865.336598562855,20350.18091752203,0.0,20422.67008157853,0.0,21572.441055157225,25323.418898926182,28270.517156872345,18414.76541988918,30034.606753679498,29492.845846643453,27987.367376625425
HNF1A_HUMAN,HNF1A,3015.9493118729656,0.0,4514.402366660371,1717.5170443540778,5200.964458052015,3427.0347340279363,3923.8034257223762,3631.9254317358955,4038.733662442834,4024.119448267055,3444.0097328467687,2864.55210681287,3289.336679408466,2991.224547081323,0.0,2353.404161350938,3365.1660307831544,4053.6752765650253,3250.7801820152654,5246.234509926369,4385.350717465524,0.0,2545.407951027819,4018.7725791046846,4305.870186351196,0.0,3895.6595385109285,2708.5660144331387,4712.328669191143,2326.9358419572136,6066.329639312209,4274.314440132498,4881.453149250126,4260.339895732755,3396.415141233855,4536.592837372783,3063.1685961526346,4354.334026776501,3820.1111279209554,3115.942829550676,4346.484019584584,4328.512175497121,3705.407113791402
HNF4A_HUMAN,HNF4A,26129.820686438292,23428.239166353927,30106.64133412304,32462.88259309386,17585.21424588107,23963.757997533037,19747.78620397838,19095.27702722179,17961.18069977633,19057.082883720414,17945.594621505683,17762.8501846814,15601.54417541161,16668.243369944073,23542.067065996456,15834.963272703979,16431.15022709918,0.0,33294.224509797605,20127.50823217238,28601.355816855754,15836.986042043563,0.0,25905.82221273508,17866.50665538495,28116.88745795811,19311.317023067604,0.0,0.0,0.0,17956.542747105766,18108.821479158865,22564.074813313146,20286.411584266814,14999.965110151108,19696.00749699194,17188.243675697773,19237.735564410144,21986.906279136867,22832.738672668405,21051.305907870497,27420.325761853943,20479.004377299167
HSP90AA1_HUMAN,HSP90AA1,10718.681355418586,9626.471902120704,13715.789165669063,16883.78307805639,11817.034086026368,11155.374999877838,21646.883005762058,14789.170634618942,21523.592591641962,23069.820587697912,18627.975303950912,13317.247730358215,15577.04642277231,19980.303679914476,13386.212857485898,14947.67020042651,13072.636096131559,13860.64269939126,16565.764765828815,21300.001198104666,8882.34940039271,17840.955138673486,12373.051286167945,13965.110432786349,15301.144814951664,13974.975205432063,14857.168295568363,14207.317330086275,17079.504326574493,14559.700294247386,19378.47353811482,20963.359735677182,19998.69294938139,8586.453069878984,20448.056867510775,15840.650586691525,9855.586054382593,12709.563732866229,16086.437588339815,13951.394237362123,14436.639745498682,11504.216804902253,14272.33481393379
IFNG_HUMAN,IFNG,1256.871794687944,1183.3990815028424,1115.4984425581627,1690.830748820552,885.7445218730351,1336.2456988427407,1645.7166290336675,2155.045766328411,1168.8671056460396,2077.8981100611845,5349.928957232333,0.0,3994.8131378832863,4578.695516388307,6856.6708859778,0.0,5757.969081283951,3201.8359821832146,3496.3081894386874,2358.8410423165224,2490.9846033205936,3613.3011989179495,5728.314393054803,3338.938994088303,4536.056449736444,3147.690842590667,2737.7188700220604,3125.2865196847783,2774.9882146803457,5071.343026468422,4499.676387908724,0.0,1566.9729493990797,4995.490127975291,2396.2844204347643,3795.167643031454,1287.84414440802,1528.3612558535087,1742.5795635695079,1303.2482630641773,1714.517111728319,1232.5360497643283,3445.6080972647133
IGF2BP2_HUMAN,IGF2BP2,44732.70483301013,29345.094938302707,61754.24428870012,61118.53033147273,35162.340947345045,31372.454134275427,86888.30250770204,56025.21431205902,62795.48576385564,47224.19506571479,76446.28016960954,48347.39359125337,53782.31288202424,61752.3182964127,57784.07365231512,32234.941197288415,69654.31090198473,47268.530704889214,71543.30774232742,64677.823106739896,29117.875436652328,70808.78738982145,30210.79633528533,42790.66899611103,40001.90784243922,49487.181789836,51938.66286036822,51441.56330824466,70138.08119915439,46555.848545804,42163.35929774747,55603.654943987334,56675.96948658483,29372.602804432663,52590.83347048827,51046.356345931,49595.685411749444,55079.17717883545,42308.47794500063,55165.44777639037,55841.74240960002,56384.20888568924,49094.359823529965
IL10_HUMAN,IL10,228560.25095931065,157941.4792483769,178249.35218999788,165841.32624431758,138145.02661548683,60958.57049176852,148566.09184390964,140236.49626478052,192225.6946820277,201455.1406912377,98850.07161340713,137190.48488313062,87397.06770527069,114838.09993429211,141143.6230865538,209585.2460407957,116041.15429061513,112830.2661422348,123414.2619861396,86544.93182574508,109918.94823353011,138361.37048543102,127777.54032918137,167828.93797578898,117414.049625222,111863.52501527258,67188.61562697227,100356.18619424518,106801.22305361183,130976.62727051802,163808.76561727907,69776.60269622148,130296.5235271923,78227.21960032081,152036.7068750661,169715.33287761698,121444.60548341642,122064.58841974844,139740.49560962513,136545.5951364226,114085.27266905645,97898.18733629257,143230.5364324518
IL13_HUMAN,IL13,17911.698092816172,0.0,17740.631600840436,30657.30440409622,24490.989454289513,27341.271572028847,14271.000582964534,25524.455416327975,20066.573928996393,27661.594102152285,17497.077906962717,0.0,0.0,30247.367701463183,16879.91048106891,19776.555897355644,25840.716011237044,24008.181491232233,15837.090895041774,14568.112289645673,31646.195084691815,23691.28112053034,15779.882256425324,0.0,21430.78613318815,21936.119713607615,17856.760457241806,33458.131623399655,19828.89307760876,25653.905723457086,34378.09865782665,27244.565038677847,24212.94601614416,22435.01130857175,22925.521364894426,19575.295846986406,23510.092639335122,25973.530537924118,24573.31484150845,26129.831407033183,33066.77703362676,20024.387771263097,22718.159521262904
IL17A_HUMAN,IL17A,0.0,9628.358434661246,10781.548832000522,10525.014335829012,11218.490011841603,0.0,15505.881947895476,14658.570667890053,8367.526143470017,16528.781387638785,0.0,0.0,18193.647081221643,0.0,0.0,9639.338066030889,15704.601415766196,0.0,0.0,12393.823597528639,0.0,8157.137492002568,8559.838563847145,19358.57746639136,8672.025749057184,13556.108927116682,13034.813494888398,15988.31435698633,18029.911707006348,9452.801882742979,9486.998362314755,13260.49445118214,0.0,11228.556172246499,11712.287784520964,11868.138495007259,9482.551579085593,10628.358026676417,17058.782335715016,13333.356456104753,11554.2987078393,9415.504680703658,12366.693610002381
IL1B_HUMAN,IL1B,15961.65704724262,16680.118652966015,37507.652919549815,22818.2225336505,15942.780960994494,15299.08837768237,26391.41955980485,12200.806143828322,21795.370953403868,9620.501625865652,9515.618425419401,12209.640784212024,0.0,8152.622377598654,10278.619275345047,12290.204280981283,11535.546367450308,8229.301373612598,32513.11687963681,22081.174024694057,36184.64559439485,54018.54899892224,0.0,25712.082699763614,44327.97072791069,28112.35510984506,33307.27184524676,36582.38036916291,48954.337169144506,32602.841972023158,36068.41039318253,53347.97410478946,0.0,41473.52100659335,57179.21447814131,25205.934416494336,17175.13382160541,19905.714744642595,17090.301681421864,21186.704191848683,27223.770457804098,18409.767664813535,25812.228491316033
IL1R1_HUMAN,IL1R1,0.0,0.0,118969.46027807335,56696.01760392688,108512.6791404647,66811.24606287133,104587.83259815643,81819.0349484208,0.0,89168.614311408,95162.75244230083,82243.25077583783,0.0,0.0,0.0,81820.44815985966,97121.05972540051,100613.19447149328,69198.14989308758,116964.80484885415,0.0,0.0,55502.78385290543,0.0,64097.563264947705,0.0,0.0,0.0,111306.54590733713,0.0,113548.51962907097,131733.65969451316,0.0,0.0,0.0,80790.80674378951,76620.1525338453,58747.74574079326,80377.80025776818,96431.34988378065,74758.90624726997,84453.73433653262,89319.13144985246
IL4_HUMAN,IL4,11465.691929724007,9390.347086633952,8614.67327643602,9327.710466769353,8420.678360010219,6808.992746425721,10887.010810587124,0.0,12618.623357571796,0.0,12093.513546598275,16903.855385750565,11652.739735952366,12871.435858399669,17605.2483044034,17226.030017969264,8363.683922154056,12246.179076256863,3038.88996282993,2547.7047039790064,2753.897485110101,3224.86688357309,3093.0116502422475,3947.0942750267413,3134.5749522249316,3557.2092349704612,3363.418086678451,13472.53833128993,19974.077782546534,18354.323223772575,25090.032420266685,0.0,18055.92020853633,16395.40848047512,18927.95634241888,23993.765133023277,7465.315375522284,7342.4391301878795,5981.898466631263,8535.76010373558,7957.147538160091,6951.812833328762,11272.333063179078
IL6_HUMAN,IL6,15070.109577911602,22195.02250315602,29727.749353151674,26408.469956071338,36889.127359712315,22139.52380148819,0.0,35007.772138593835,22901.035953947503,27859.9619767912,20130.45498137701,0.0,28118.660264215072,44125.33994527324,20697.828024469305,33543.946427284754,25730.69187209905,0.0,24770.58228675688,16907.334485279745,35483.285382501264,31663.470674942684,24409.361365883535,32442.925595334607,0.0,30804.893531855596,28869.648925743197,36810.10497035421,18504.703873332,24929.34132475375,25846.433221925698,0.0,27276.224083897574,29716.02906473896,27514.64224306953,29501.55324676729,32081.724057391548,27263.90116914826,25778.027590140326,32545.6568021512,28481.990882475537,28094.614903516907,28282.4985932516
IL6R_HUMAN,IL6R,29845.267147175782,0.0,25936.883835892128,36615.32950471276,20930.125735403446,28144.93875750844,0.0,34000.75559915844,30443.76111081271,20151.126203917654,46069.90283684077,35066.004107354376,0.0,0.0,52833.799600263425,26493.988027423973,36885.29515274067,27678.124713770954,39585.4947820916,27260.44452783459,30174.15737477649,25057.67448790814,66057.93890022543,25621.886392490258,37699.85645446324,41678.985757307,25300.28135384269,34254.931338082126,29317.918581779693,30802.332774107013,0.0,48689.15809927512,15446.867764769599,35360.62041110086,24696.51513711771,45766.16675384429,34380.954322310055,24015.23556279661,34861.566324710635,30916.231920695293,32907.418978445865,24327.18930628544,34143.03382723922
INS_HUMAN,INS,63426.39349293791,57730.34108091668,45699.61985185999,0.0,0.0,29696.540417732904,56387.98182129344,53249.8856439865,84909.60874858203,39905.143005571124,0.0,0.0,41317.16156116523,45375.610962995364,45434.88079034679,52682.4321353473,0.0,38055.404780600176,0.0,25038.00846527145,52406.47355516454,47962.7671468986,46199.746938418655,46992.778800513086,66457.18502150117,28050.540061057283,33219.25206994756,40738.52775392886,0.0,37579.584782377606,0.0,0.0,0.0,40285.15569473184,0.0,0.0,55175.22500028288,45363.13739360468,50954.76662845151,43896.95960568625,34369.74913999962,49474.11370311033,47170.710883961925
INSIG1_HUMAN,INSIG1,42400.669923880654,37309.00316580713,32939.82102984138,39775.98741720445,36140.58068132391,22121.88672837175,46801.884044547885,54994.06038709904,0.0,34104.90321052793,31615.327589936856,40179.25650995279,27922.323376861576,30678.41337263406,47971.798721631014,39044.9089711949,33156.87790507053,27944.659750877065,35809.142603091495,25797.565168798512,29279.562979777074,0.0,31322.80875397091,34468.247655654224,31642.231896741054,27396.027295390995,23581.834385982467,26774.61166230402,27182.440357069405,48295.73090762676,44140.51651895546,0.0,25466.74784294392,28986.52818467988,20216.509788472686,47203.489750924076,35750.25003413507,44237.73585863061,41467.763591602525,35747.896467653685,31745.25000334289,31440.25846406133,35826.969704192175
INSR_HUMAN,INSR,63275.3766000144,66613.20315308485,51421.576840563794,75503.22441836746,65651.86257515034,66471.21450851751,42968.37365977445,103495.06315693479,72835.98800642812,80083.20662470872,69044.71987592624,0.0,65289.8054339284,125733.16235332628,0.0,65126.88552065546,83674.98689437537,78253.4907993964,0.0,41936.18440805249,83285.25319296723,75044.14527207242,57498.65359710089,105958.61020656457,56979.16769835135,81572.47669993907,60261.150748916414,88090.80359224493,47968.304024120705,73022.5726661959,91169.60868989995,81011.12711646412,58991.21385051034,76706.01465195195,55963.88309514333,0.0,62182.346893563015,62460.5721772519,74898.509679969,54836.793430822036,62357.88095315334,88437.53745489067,72564.66490972067
IRS1_HUMAN,IRS1,33453.30476498993,21720.323795153465,0.0,28377.562857459467,40365.609521519385,38443.4318648498,41961.20106975202,16343.41552103113,22206.689675785587,20041.42294244373,29126.996958326596,13036.048246326203,0.0,15166.169146897995,17378.877846702755,27453.187686255667,25852.339026681922,13011.942542279767,19957.866718679743,8112.4798367593585,11014.948638173091,38570.46180097885,20470.47533966336,13803.413514426715,20293.48284753733,0.0,27414.60625458965,15450.454827316256,23481.822824861727,0.0,9950.197392439508,27856.04889433254,19469.120139533126,27274.9784303489,25334.501035952806,11451.209930205836,21351.751306290866,28775.493562913,28144.403451179693,22411.216405507726,18580.521943662327,20427.80521160108,21888.07904356896
IRS2_HUMAN,IRS2,26943.34844106573,28859.279598286277,25425.34598929523,37184.44047675026,25231.416252293886,14083.589220432068,36256.29977087396,27172.078144662828,34012.66863437784,13033.505624872194,11060.475576496634,13246.98348261643,8451.409101437546,17010.23500339929,14602.847400398225,13523.924213236704,8406.117227241859,11430.08982615236,12094.697466773876,8033.326134644538,11257.002077544019,9279.669278299834,10407.313297874409,11237.83990067229,14134.425554930514,9342.858613130995,0.0,8893.378284833436,12527.384107051732,8929.022738786667,16429.640550268625,6396.015175516854,9770.992428634554,7643.029924707863,10019.52144058818,18046.88673937933,18662.842576542254,30310.421827710372,22003.2550820787,22679.41087621822,26460.99271624902,20387.207641165514,15075.250653999396
IRS4_HUMAN,IRS4,0.0,18613.401950105475,24359.430861525696,27174.03630494954,0.0,22629.452702564788,0.0,20319.36505145999,0.0,27461.090522115926,28271.07842201764,34867.47159639639,23530.344336138474,25416.489828300684,0.0,0.0,0.0,0.0,30652.616987416863,26916.280039972287,15830.678897734742,0.0,0.0,0.0,31274.06841588287,21092.329588410244,0.0,22644.767775378314,0.0,19517.790346538797,0.0,22884.486509739392,34698.52713377308,25505.435970510083,0.0,23104.374358237674,36422.29604432049,35819.451906465605,23781.361668019606,31430.41388846012,23308.52479908704,31600.78626908223,25437.862344831756
JUN_HUMAN,JUN,97039.02433136672,80655.95719907685,109710.81970622619,0.0,78782.91710619394,79530.24847424259,148460.03202908175,81904.0822894649,124158.6088385382,99545.72503171064,107446.72862669046,106077.97663990574,103390.4498483518,121839.59237322296,104948.46054349215,73033.44298512614,53308.48303178424,90143.00476620308,120056.24022531004,91620.48948761339,37268.28127692218,108662.56993806335,46208.062746172975,81903.99923385703,64253.27870039849,69938.25296817272,74753.11241826108,42507.46328321574,93418.69303951677,52843.862112642535,56662.34299944252,82728.76447808564,104102.60407263495,35618.41259734306,100503.16406131552,60553.68032925641,65583.58913291899,60294.97692512822,86245.48927338178,82018.79122647362,87382.77287917057,76248.12634330573,80189.93689603527
KCNJ11_HUMAN,KCNJ11,4733.8224931001,4368.132762834757,6056.125169218602,6175.433133448589,4071.5742165285346,0.0,3075.127207831499,6495.761346738388,5384.013984557809,6697.206572222307,5140.790186822108,6055.099111895294,6538.183087562348,5696.916100560467,3611.9986707377284,3849.718072398976,5372.514093254736,6621.35878129618,0.0,3193.6408667216856,8255.63297291309,6232.41201936732,4626.156898352233,8030.965201506032,6184.29382150505,4711.27277285518,4296.942895751416,6436.124589961607,2954.9182999012105,5780.189927154071,5779.247862226775,4343.767654070414,4847.087653436298,3592.1883094844757,3326.959607808702,4855.4247850323345,4663.353583117623,6137.1615257175,4666.474156718101,4080.70763579061,5267.423329601194,6034.732455844646,5099.103696320296
KCNQ1_HUMAN,KCNQ1,430860.329886666,0.0,0.0,428267.6764926976,448689.73820039484,0.0,503465.852565647,0.0,640905.5692919726,0.0,0.0,0.0,0.0,338509.7094510577,0.0,0.0,0.0,331651.6196939861,387545.5713614966,0.0,0.0,369291.94282487617,295964.5794240564,389318.6729566932,0.0,256608.80817710885,273660.3839933667,304360.7681863706,310540.931155702,0.0,536575.0944378083,0.0,317758.3971953356,0.0,272891.50768247974,523490.91821047897,323815.2615133843,387860.42720011156,401565.02055203303,324422.50791330007,304565.6407248714,364175.5004508161,380180.3305950469
KLB_HUMAN,KLB,7322.800610834304,0.0,7856.122290006014,11674.204000177775,5452.415934577286,7450.522386817946,8887.728531622382,7250.276045782755,4701.22559367601,8098.840311953283,8260.180824584924,6405.492714439045,6777.142923179517,7042.223342456433,8676.207817589022,11111.461263429519,7962.136049160755,6737.244449625704,10554.059151071591,8158.955637256012,12643.284661800715,5513.532073545622,9613.40024931239,0.0,4844.741886068405,10476.864702705489,7043.116149635966,4986.097504780918,7381.913652989461,9182.091488917624,5222.406855634949,5248.8260549596835,8379.01334217642,6863.163671520965,4723.072137011035,0.0,7389.266812636456,7856.6705733500885,7442.864107714191,8631.182680165102,7595.2226985194175,8109.034852974534,8545.409663050292
LCN2_HUMAN,LCN2,0.0,818665.3297892615,734210.7267689949,0.0,0.0,654969.1237774498,856479.9777022114,0.0,523281.2715482845,457605.01949184824,527581.2427711809,0.0,0.0,0.0,742750.3955545471,499147.0614506983,471433.66816837835,0.0,776532.5638739126,0.0,776575.7763923024,586433.9426688581,0.0,827311.9780781794,515881.0744265828,849707.3401264353,0.0,0.0,683930.6795453815,0.0,0.0,438820.7911754279,0.0,0.0,306729.79308010294,697182.8199122164,622371.5295849267,631041.5478202391,499252.9051022129,597958.4220400192,600505.8379961052,489739.03840101935,561140.3986006741
LDLR_HUMAN,LDLR,56949.74578622288,79036.40338621846,79739.39443821748,80666.3085631221,48493.80850096997,61335.12682113355,59561.495781445105,40387.21899663722,46229.05146928046,66473.33037689717,56301.48975215198,0.0,68211.86206434903,47624.90901287253,0.0,53047.61379930971,54896.725393414745,41715.299961195444,66313.14112060398,58237.15585107311,109600.05490806636,46860.60214824353,56223.47156532121,94330.65850134677,41600.06407625862,70315.6605467377,49376.861675282584,31936.810771435106,72414.17141422402,49278.204667793274,38247.988680404414,50948.21338039198,48645.9924201592,55244.2243005013,53143.05719013763,68934.7118968819,45507.42077500706,49609.434908611,48670.27541989906,56140.09353011693,65027.09215782039,46132.328951047326,58692.31243272862
LDLRAP1_HUMAN,LDLRAP1,23488.882728009943,24480.232136790655,36974.332815590904,32974.92415194863,15010.460450179882,16038.146018874004,40640.727319754835,28363.37732507989,34055.37654336409,12252.22212832724,16942.184336560447,11496.333003197067,11674.56564790691,14977.79138849168,12070.326935645568,9866.822152428198,11047.9665695821,12906.299887791198,20376.05001875052,23015.358357131576,8773.752583907168,19886.76650691375,10482.450433838534,14919.33656442196,16334.344232685578,17519.34369503296,18130.78881933784,14909.78345840323,24330.834232976875,11715.37446764554,15283.585927691345,16860.042087151796,16999.099628700314,10090.502095377109,17790.700135495146,15589.309250294502,23234.275495040874,21743.243572963787,25660.610026379887,27403.8947480609,24027.689886702916,22677.896785538043,17884.313205074784
LEPR_HUMAN,LEPR,0.0,0.0,0.0,15036.729866992739,14918.870757409219,11201.19564056903,0.0,0.0,0.0,11389.886479370496,0.0,0.0,0.0,0.0,0.0,0.0,0.0,0.0,9714.862363568589,0.0,0.0,22104.77951614838,0.0,0.0,15216.903640065811,9995.157762687753,0.0,0.0,0.0,0.0,0.0,15259.572625750834,0.0,12013.667922457527,11850.26135801207,0.0,11806.831332920623,15218.181317292654,13499.27651845595,15176.97400189992,17423.124509160283,13583.276064819529,14140.594959965494
LIPC_HUMAN,LIPC,26480.85046186925,29997.27386793356,41240.510927905656,0.0,16334.43869300957,21907.80421824607,46816.7451173908,43029.012641481706,36120.162135344806,18483.10250430571,0.0,14673.838553013704,14931.69715476077,22658.36502737408,16403.77075529242,0.0,17120.25072929427,16914.55869698849,12790.076429268558,10304.549988423181,5013.778152822367,10923.904653645945,7164.965901255952,7201.890708348806,7428.360294561404,8163.362367115379,8295.199642109596,63180.75079513975,83299.79902486506,0.0,67736.51814807538,82066.49230824827,103009.66883301768,51749.14501599775,0.0,63082.32304361803,28192.51648660929,27006.57576047683,31843.393648333866,24277.222119404334,30192.99720811122,32751.31893445553,34720.33242642099
LIPE_HUMAN,LIPE,0.0,0.0,0.0,0.0,0.0,0.0,0.0,0.0,0.0,5520.156591531823,0.0,7265.135258935291,3347.828049449919,0.0,0.0,6480.648429197151,0.0,4177.389048814927,0.0,0.0,0.0,0.0,0.0,6935.243209577627,0.0,0.0,0.0,0.0,0.0,0.0,0.0,0.0,0.0,0.0,0.0,0.0,5542.475739931794,5569.892831262668,6092.813280690417,6161.4252070005405,6109.385170103973,7315.514072178499,6183.4317531687775
LIPG_HUMAN,LIPG,14913.882309848692,11373.011747817774,15054.073089128537,13849.210812552528,17616.965399262295,15133.602187590563,18006.51550754747,19866.52021852955,16498.144865072114,11177.50785065349,23258.185740259953,25135.87461366527,22977.541497464805,15460.207184147494,31200.776775543996,16966.000911969673,31894.90442171422,12904.714207607907,18280.14622774309,13239.491735117896,8259.718091286673,12728.604445295718,24849.95919445075,16593.62142442292,19862.57004284754,19812.76962536655,10819.128207397127,0.0,0.0,15958.036588252959,27069.26348124175,19168.890950538476,6912.200592493726,18403.818462112897,16342.238832595382,22633.70050995075,12877.760984805313,15382.101383023839,15315.457485882336,14503.478232187606,17188.118729271042,16006.269227970815,16666.074257311902
MC4R_HUMAN,MC4R,3258.68229448827,4060.1255778113436,4596.318198462601,6297.567960681857,5131.641914148043,6634.994612598827,6697.040624789947,6851.801744718182,4978.547682930836,8484.85198520709,11898.249689325827,15013.272085513405,15999.679141310855,17385.679830276385,16092.598092251299,10996.52417644996,17981.34577339684,10369.054162523274,0.0,11843.466992930673,9432.184837430037,9872.98933080111,15927.390235327353,12046.554479868017,14774.014638806872,12992.854649008399,11646.568296197262,9926.60688138854,0.0,15039.146473394941,14432.808640845991,10155.386469753133,0.0,9692.946334916043,8621.019687625445,14131.45551299034,6058.1627329158555,5995.873720806396,5249.680075880502,6157.06563627758,5487.631523986095,5359.304591658993,11260.811304424193
MDM2_HUMAN,MDM2,73945.69671079831,48571.214961096644,59938.84373130622,63020.55387320391,46000.990922292716,57832.88624656803,44571.683607285326,47855.207560495,48916.972576594875,78860.63251462762,94587.20830401624,130338.15567411433,48291.187472989266,119199.99645606194,100810.57801914724,99370.5137349286,71136.59553873008,88968.73657152755,142524.7344800536,111392.90942209803,77928.6999846227,149857.99633111796,0.0,0.0,112565.72485457116,79200.09263367853,130841.74674241451,107215.00237297128,76738.1695550053,62928.17605146155,104135.92793016,105666.804320213,105515.55709042875,92551.13822639617,82158.01970242224,104623.66094208974,37967.46047224207,61644.70918517626,53533.81402694854,56407.608425279606,61774.89745253344,68369.855155659,89050.08730448298
MGLL_HUMAN,MGLL,118343.5295441447,104683.1369536817,122250.14794152061,144866.58144529662,125995.81801198164,56987.48062930958,102276.77955085404,103796.52913817579,160663.43229485044,144334.70102272046,71077.6351100306,100231.5911508406,77997.38950730459,88097.46694875055,90894.53067339199,102580.18552328607,100081.81254265201,81852.57994274404,87943.21956965093,50109.81419478175,88250.24024955984,124697.47782550362,92665.6941289536,99354.79784317751,0.0,67956.47929304188,80134.1627798768,69311.14721694241,90688.51563392613,87405.19549057288,152552.6805561574,48983.40477628792,80373.49529011047,54776.31896717707,92583.06751027328,135631.13806884785,85237.66006393866,97139.85332008086,83324.2514744721,73158.86987466007,125916.2136872458,79555.78100075682,86683.88057892428
MSTN_HUMAN,MSTN,7571.600934908735,7477.475422205968,13397.802520118626,8861.446876616015,9217.862868248123,6467.721577557872,8866.631822272857,6832.629548992999,7521.488151015064,23219.315997179758,28895.573839399938,18154.869203507224,26160.076133847673,17670.2533012373,20816.839611670734,20809.71081265662,34453.29396421432,13976.272590597944,12719.81891153781,9389.656498062941,16485.58134378189,17162.916899389715,16468.980796228847,13496.065297586563,19861.452952871994,12670.223143046085,19431.66905293296,3438.056811298326,5374.344944977933,3424.0994762606156,2556.4174739397645,3932.3754724524165,3225.2865346718104,3933.8626625566244,5015.707515015128,3227.6408276005536,8904.93550578663,8412.297122320233,7648.936284095897,8744.545695109968,7703.340589920113,8268.980703287869,12974.690186950975
MTOR_HUMAN,MTOR,105918.3156952872,68226.58478183982,116997.63766705939,58558.3257778199,0.0,68406.75772694506,75498.32245318133,0.0,59985.9367422269,72451.71735564001,83357.42874235168,103077.1965676173,79254.90299737484,94349.14629573814,87523.1480184676,100258.03923199163,46636.667225940895,55792.9419751742,96616.48869702662,80132.65387499631,50831.632306837375,87311.69532008303,141000.9641938144,43507.57118260032,84949.15164468688,74294.78889181692,89990.99605297056,82787.11624747483,68671.0068016896,0.0,125505.9031328988,74431.82326766945,94890.34129160839,56789.34520258333,61904.480601856514,86449.18293674984,76934.23201010507,64081.68406712202,64191.320472586856,79940.83239728257,98303.92761449517,87306.0199581049,73442.43205838195
MYC_HUMAN,MYC,15353.71894021376,12035.767621710058,14502.127455240692,16671.580191168232,12658.24803996434,17211.894508564983,20193.215822627524,21358.400421530114,0.0,5514.805875393778,2690.976564118078,0.0,0.0,6531.417288298543,10634.436010428333,4907.122408594764,6679.848096521909,3913.7343606321574,6365.746374180806,5216.586131413172,8444.102391316654,7252.400430216193,7100.912561297874,6704.210378603319,7538.85359616271,7871.629234549394,6108.671730652282,5342.982244719439,8806.697127024323,5624.144030419175,5367.840276263683,6747.824670855693,4717.5781076442345,6183.531783803307,7634.7075763860885,6227.80167710894,15310.736332970237,15318.620400624524,17160.39805715499,15746.476851216028,12388.57545449826,14271.352518472107,8181.441487609389
MYOD1_HUMAN,MYOD1,41987.70037758005,33402.0943993671,65544.461941263,86853.98742646497,39239.386116643895,70050.82293725465,58299.33086556647,66685.64926227616,54784.17030468701,14483.679818949795,23668.645504132637,26339.72753603733,20094.129164354188,17733.337688419313,28213.903469706747,20876.583065678762,24405.913211089028,11968.074602531682,24997.964296255723,0.0,15335.018094149193,16200.675488385907,32110.87835466243,18470.614295889245,19416.075319919975,24111.29006994163,18761.3802816169,0.0,88383.92562384544,154700.5991925301,197799.183807318,216376.31879114898,57886.498792507526,154292.46111734866,79655.68954441315,0.0,51802.02333897393,46122.45693463624,45502.015943289625,52475.67311853783,64922.40093592159,60010.75518893657,63006.21236073873
NAMPT_HUMAN,NAMPT,3758.645322113932,3557.362571269913,3093.1482976719944,2791.860905085406,2915.9009572033256,3394.550065488346,2548.7658031014885,3455.727691528088,2263.774503295719,4176.1236208465325,2368.145465237646,3840.1908951138657,3697.5546881465025,3529.006656953741,4416.29297213301,3056.092404299932,3307.984208106369,4235.089179261589,2399.388332231324,2417.9517915002803,0.0,2788.5948261127264,3095.654817568517,3408.5097759156756,3761.1823605063264,2640.5492669101723,3006.4507933419186,2914.604765134049,4862.523995817871,2237.0134775214196,2753.5742095823034,2938.2337144693306,0.0,3895.3444987070134,2910.5202011395027,3026.6416786370614,2698.844280607774,2460.645327304452,2536.893310081266,3086.5310616577467,2902.058213794871,4519.917586598838,3212.6763853845623
NFKB1_HUMAN,NFKB1,14144.687177088088,20383.366049340708,15806.403105522844,23597.66525199994,23937.274232784483,18813.68336093564,19031.25081860115,23442.597511114498,0.0,11897.327681900464,8123.266951074407,9321.87112022298,17469.287128945078,13964.284155602072,17578.352463205134,0.0,12766.029839955336,11863.637167534189,31074.27715440048,26470.731167939277,41494.03462756967,25856.367241419142,23828.81526806602,0.0,31249.46743808909,28106.127796195273,40083.006053706646,5901.456028567062,8046.228883484728,5907.031956428774,4618.485738620293,7259.478974480417,5733.900237589298,6101.061897149072,0.0,5951.385265444084,15144.356726935115,16439.531575287958,17650.62047198208,17416.365803783778,18481.919893369377,15418.940486814974,17823.68599574462
NFKB2_HUMAN,NFKB2,4660.529591294043,0.0,7485.774020969195,3615.2809562217553,7096.0438980680265,6070.317766725687,5961.0447509585965,4556.420430546845,7010.026519621169,7476.890771586254,5185.574700837017,4969.474372431211,4795.233661776245,7944.872183925042,7090.047030992595,5295.589056181792,6850.262308691679,5970.198941288836,5660.90769971203,6369.19989075851,8071.464240010722,5399.289646064338,0.0,5403.7135779421,7466.010341213046,5805.943829344777,7388.024871148425,4643.032700013975,8215.746913019382,4747.842302341607,8561.068534370741,0.0,10367.18375100136,5382.148002932188,4687.917929401777,5209.656986910045,6291.691179377089,7066.096810868959,6359.076774333704,8104.532651514819,4815.892607947726,4964.5945756636465,6135.615538287706
NLRP3_HUMAN,NLRP3,19403.393652140534,21134.057283870145,0.0,19782.5904993,24584.628277527463,10160.447671757685,22676.354408208328,28806.09912291272,32717.84282801015,17398.153515779206,22542.257785693644,0.0,13543.673041786611,26231.06301740159,24184.938602493014,16211.59034665714,13326.344312622277,15287.292643960178,18119.833355941857,11783.395380563268,15749.829950288982,13280.87808890401,0.0,0.0,29236.31716132832,10011.303575212689,13408.025043121337,0.0,26618.179447071674,16713.911691166693,29786.901953349283,8967.045437694873,20878.677256669664,15363.553599646777,17382.646918210357,27699.97071177909,15677.94931934783,15847.715548009255,18057.741625752355,22242.68808660859,15693.875668876068,18482.838399820972,18042.231751244708
NOS2_HUMAN,NOS2,14022.415283045415,18308.09115824928,18078.202652454165,0.0,17983.07341350629,11833.17951079597,16144.122693393867,13450.178678086293,15763.652102168868,15022.981353454094,19912.088898607246,12463.945473147513,18871.98508014074,14589.452440370678,14513.975019151067,15740.14614877611,12861.633099778224,16090.317100275273,10591.598330410243,15215.037187758273,13609.38739182233,11821.508607513988,11895.810637730081,14353.411021766105,18060.50518741981,12731.76427067889,17119.6926318626,14909.168844207303,0.0,8093.432428870544,24424.858897207658,14107.313268474481,21913.056283253067,12587.763362152818,10869.50101488494,16400.852340004527,17406.32242266119,16712.52772766103,12252.97632154263,17316.569251319186,10860.247447997928,15212.630004388926,15459.472465158626
NPPA_HUMAN,NPPA,0.0,0.0,0.0,0.0,0.0,8852.623533172686,6868.2545657038745,0.0,0.0,19114.711592490974,13056.461811452507,0.0,0.0,19561.70563070819,0.0,0.0,0.0,0.0,3309.917999118224,2353.6450783071673,5178.5475623891225,4317.345815826654,3436.7255248757974,0.0,3966.8827962966943,0.0,0.0,0.0,3605.354021849681,0.0,6011.835956093325,0.0,4469.9678146061015,0.0,0.0,0.0,13517.499163418262,9095.317364534994,10820.008259289534,10831.941746065258,10680.417132139233,12876.645078689511,9637.27086640706
NPPB_HUMAN,NPPB,91771.6299944921,91455.27788943684,0.0,106158.49660825367,86103.46412154777,52709.55128221152,194312.2600265142,91843.7614300176,143907.29948352458,119649.11710276206,161813.4099690025,132435.3040266756,125729.36584046054,179910.91442368558,136169.4686724171,68039.06546025959,129768.67000271734,110360.76352387575,182348.95157842326,156479.90937031925,87305.43725932488,204529.71570638256,114848.40714501793,68992.36951917737,129514.8811807009,117289.60364949387,131918.77257041828,130010.7488503872,148719.1590775071,96037.96928491115,146043.83368750554,172582.2981694985,192638.3712921731,79826.32989205439,184102.23208247477,114867.05088647634,120909.02337318946,100972.59638170274,140529.45117850153,103225.43332133254,111680.00822687183,120011.0452556626,136514.5026070299
NR0B2_HUMAN,NR0B2,86984.44325023609,60317.7658493347,56743.87308606202,75128.54203636348,61639.411476807,73733.045627018,77708.95137520776,0.0,46441.49139567351,28932.541594775365,24056.179951741924,26276.84095405124,36287.03349114648,32893.105945863776,49025.24685246758,33047.13542807698,0.0,31937.343904623693,27580.856229058165,23319.11271804808,24518.30082959338,0.0,20818.127125424617,0.0,37627.60073911059,41820.640993943365,32646.907495101055,243591.67203580416,217602.77727308756,111749.84821079927,130469.66477859487,167907.03980367837,139149.42663818528,148307.92911066645,132685.12961156017,0.0,57435.49081799206,63615.83240158998,69341.88641246637,53497.22082093302,66017.44966092562,73688.40074668078,75311.54603407606
NR1H3_HUMAN,NR1H3,16773.907319426387,0.0,19609.105506211406,16512.95051243438,10787.679117333018,22889.347009081877,20599.88518725101,10388.264524659475,10259.266908691443,5728.9501543690785,7704.689217575309,6450.572851106351,0.0,6212.466815366764,7337.11384661725,6091.977515468238,8754.126006780225,6311.941448137684,44564.49349563835,24754.21173969221,65908.0928475304,30755.47472544979,44981.33965741332,47192.800361031936,0.0,42929.446219435944,25577.96609303299,3077.081171433324,5076.922606137221,6317.528766719641,3620.011596157471,4957.892655686652,6176.948734413974,4377.223593397706,3269.705775066923,6580.500123906671,16655.553431224875,16727.214110638426,15565.047163741041,12201.485171952601,16857.10911083303,12166.769319932891,18676.390284005305
NR1H4_HUMAN,NR1H4,13998.322063245512,0.0,10562.968114983823,0.0,8480.490101089339,11079.028071895293,0.0,0.0,0.0,9152.104441727142,11846.028547382812,10150.695703932703,10186.764783499984,0.0,10400.168423484583,12837.30097291423,0.0,0.0,11908.438458946624,0.0,0.0,0.0,0.0,9911.120937488278,9591.604171635985,8397.586189913029,0.0,12581.520519118601,6188.266173935402,0.0,0.0,9829.04324538218,9576.589151199376,9801.397589942067,0.0,10512.749529541572,9901.035924056727,12384.347305140222,12937.4438110899,11849.56346654088,9568.230651048416,11459.552382300066,11345.421116225061
PCK1_HUMAN,PCK1,0.0,12193.59534987982,0.0,13439.272892019022,10557.533013440825,16289.028864635058,11877.87954564922,13633.711317705045,10636.437618303198,8409.546923244563,13173.719998197028,20878.648664418404,0.0,12617.171872811774,0.0,10603.672774213035,18391.634711467552,12173.94073510496,0.0,9969.403342505138,0.0,12182.168061736256,0.0,11857.568593356931,11917.082318368344,10331.590204088337,0.0,10914.931558292716,7390.820910593494,12659.231055601393,20518.016781398972,21147.693839697244,0.0,13974.032640330828,0.0,14039.536649102538,12084.576944888931,15342.41120101547,15448.170052664918,12593.02504871128,12261.6899459911,15275.452911055721,11620.763882866773
PCSK9_HUMAN,PCSK9,66968.0238832394,79950.26388447334,130853.61333233942,80745.7374148569,74158.34067042025,59880.18309446299,87000.13163941959,63673.578621540706,77575.40005184684,97839.48351684859,139172.2940520639,104624.30996696602,189138.71302929026,0.0,118229.81882800344,150535.5112218807,168132.4399116751,92074.39483928539,174600.63527454284,138533.92919468018,193886.88132740342,181554.31506190967,156776.20566682806,0.0,215003.24277123797,138954.94429705726,206484.00797803458,130512.53304350276,168384.33330947196,136187.2534138149,106090.20366962432,125185.13916528157,107564.64237593484,159846.1111042223,193728.7153752885,82416.20068546438,64943.77723430221,70693.59432561026,71535.58714954802,69248.16610386981,65723.02471589649,80789.44828187343,127741.68709815387
PDPK1_HUMAN,PDPK1,0.0,10930.514864739764,0.0,0.0,0.0,12774.738329328133,0.0,0.0,14294.652530738409,0.0,33564.83841516325,0.0,32410.38013462279,0.0,20707.469711777707,29491.81593213125,41474.60724716099,0.0,4528.293020017975,0.0,5716.706539331789,0.0,0.0,0.0,0.0,0.0,5746.149330470241,0.0,0.0,0.0,10239.427808077638,0.0,0.0,0.0,7978.662936225858,0.0,15589.441777724202,13878.73015494366,11684.105998905037,15019.162611173993,17542.09714668374,18464.729806699375,16782.61878904952
PIK3CA_HUMAN,PIK3CA,0.0,51963.675980576096,66709.5756844255,51746.99476509632,33613.19742136447,36702.884046034065,0.0,30848.435933171088,33263.78523231362,0.0,52941.270830120186,31978.58582698069,30624.107334197324,33941.261679717565,55896.4923607147,0.0,57695.957998584156,32788.4732679182,56893.32686392628,46440.88742978897,86793.98397001141,32114.991181216654,61789.4154740949,54048.50061679378,40540.64562007134,65266.60749313548,45790.76962259127,28541.09193384132,54499.46899586454,43998.633819685245,29621.694086192623,0.0,46664.14215963573,40190.18985832544,32282.097289935497,37385.61742475549,32709.378115853193,39591.75164337149,41410.09834587337,45831.19235952319,43518.46562228839,42947.13700765412,47111.25755763941
PIK3R1_HUMAN,PIK3R1,13694.083507538106,13455.026229169276,13837.482210509732,16986.727295523604,9424.242289549245,9883.76060785885,9660.192108465904,21648.11998382775,8994.116287156216,15071.727652611218,10793.552994855212,15407.196241189999,15910.750919114394,23003.414403001676,8078.614567723294,15302.207972417958,10662.553044296952,12167.100489931458,10826.218504568473,13307.987665737499,15220.921438769488,20558.951258459398,7552.742854171855,16459.459854463294,11976.911215006203,16128.6299108308,13971.64977798255,22434.230733929995,9013.21162197702,13540.284498054149,16783.48146365665,15398.520210513965,12374.230969026652,10359.58790382867,12287.715300797392,9703.614354637277,15882.606329953138,14824.344290381128,14848.27217606301,18147.53869829553,17836.9411093958,13444.971755595492,13335.756711881095
PIK3R2_HUMAN,PIK3R2,0.0,31806.63346897204,23855.0765118575,22169.838248301323,20817.251343426535,0.0,23851.61914679123,21924.181331850374,20725.332470860936,25694.5774012674,32213.717207126545,38685.78446656792,18724.350027367396,31311.137829626157,24727.172054379436,29576.5932275257,20654.75415596859,25947.75476863321,29734.219155454804,18710.252656612272,16686.29976320284,29539.761472636765,28427.040579500586,22816.95941722995,0.0,24980.376281360433,31002.61954220958,0.0,19495.49228238633,24327.550506812877,25164.615336911007,0.0,30319.066449839665,30999.956178285873,20845.703790580916,28346.519090421585,27037.53026632183,25461.98681574717,24452.48824497713,24299.52867411103,27154.89063060966,36424.70936084974,26303.043264682212
PLAT_HUMAN,PLAT,58579.20068886063,80874.11146573565,66276.15669487974,0.0,37795.72439757545,20489.941201731388,43336.42407890546,0.0,102874.93952311414,71443.5416032849,103607.85945046761,0.0,0.0,77832.08804151406,80791.85655112342,0.0,66470.26077763844,55134.49929569653,0.0,86251.853785756,0.0,75058.6850180547,0.0,0.0,0.0,87097.44998389656,0.0,95268.42386101499,64120.3004737618,123779.95325957441,142279.0106188657,0.0,61186.05585835879,90370.00600765638,117180.6102215091,0.0,72277.9971630219,72109.35653918068,84557.90023204165,77608.6330771442,69902.28016543508,79515.18855039221,79926.27755448378
PLAU_HUMAN,PLAU,0.0,165630.39631131073,130421.31039953804,147757.5860431209,153543.27957462173,0.0,155053.72249475034,237377.31335120773,99071.73392936672,189038.18454806792,0.0,124008.06662345178,261365.10293575097,205150.95121023813,220512.3831828743,116762.61192637787,0.0,130076.7588059298,122213.86285306931,154326.2435822559,161086.04139413653,105159.2543366337,153945.60299511018,195462.10094047754,0.0,149547.50120333605,175089.53981425727,0.0,250646.02334346043,100440.53577436945,128056.76758984581,160360.14831211977,134895.3379828305,165445.10105662598,0.0,146452.81462313206,119730.51900526145,121442.39750363548,225140.6798075032,156825.61600257843,157625.1551771142,137706.8074403447,163270.38328914662
PLIN1_HUMAN,PLIN1,43264.237228830316,29305.266487017103,30376.616235656897,32623.177646673008,24073.342542900642,0.0,31239.228287062193,0.0,20000.521658460253,24899.64495732109,32114.65173581318,45247.376959079375,26195.301975173243,40667.0279806303,31813.181203427415,45230.440420016566,25548.89627787594,25287.252300207103,26953.93125482109,0.0,21443.18748802223,58954.38028153457,44336.28855125359,18114.47093730258,35823.90089595438,29083.281623394785,31074.960581023886,35468.69810097182,26890.343675448235,17500.049459046317,40711.826810530925,35142.300784560204,36985.80629574534,18518.711639364807,26644.111831319384,29977.061302113674,38685.74742356151,31823.072504767955,29065.14721680735,29610.88181999104,25954.436834789125,26701.49795607823,29581.37645366478
PLIN2_HUMAN,PLIN2,218871.19803821665,169359.29129292365,243141.3676945486,252563.8458695207,338165.5763789311,216987.5469159083,147072.8845203688,384480.41138011694,278479.7912227438,279450.12974007207,236894.45666948814,252742.80390926776,353316.4366031973,353947.3317296171,161156.51784761736,171861.37980716085,221088.0764432126,0.0,231215.6729438907,150099.46903663,328665.7873993855,0.0,171275.49997740015,387407.2525119546,199625.07082757656,231050.94161095627,0.0,325342.9130188166,0.0,242189.2446117936,255231.0930742845,290549.66689383297,253682.00803142507,205640.8263516982,168513.61829266435,161200.40677230756,299631.79570885154,241405.94780775203,257665.2307640634,229300.7348018662,264551.2863094927,239435.13591773034,243059.813576854
PNPLA2_HUMAN,PNPLA2,0.0,16512.39835275321,12537.22032490014,15497.700015752973,11899.263817008932,11129.615779535361,15336.00714101245,17011.051720326195,25447.4437609783,13363.387344648398,12014.726734230091,10014.698118877537,8868.272202955388,16620.80928663519,12925.04318988845,17366.967441230696,9383.815339989096,12554.45636341177,12179.023913822404,11272.3268203388,12129.749837279987,11382.937120653538,11182.243730312239,11483.338246235096,0.0,0.0,10392.995170205286,10368.532811065612,10673.883803472087,15266.82276657919,19090.799034164353,6034.238389945786,11173.92017750321,10223.602068880838,14710.294309619985,14868.501817760416,11431.307820206583,13534.279407646836,11156.040081108198,13055.98911898912,10734.197310463987,11449.830857358349,13341.454530357025
PPARA_HUMAN,PPARA,29226.032661627312,27694.047022179213,24242.856127846462,22839.077752287514,0.0,22957.911662791037,20218.21596928957,31607.752195918314,18803.71063074287,30785.797268475122,19313.300267525676,0.0,0.0,0.0,42004.384791613666,27306.366280379865,43977.00172476992,20220.070087344953,25481.055519036956,19845.535219909467,25929.940651394387,21981.962933398383,30881.730479958125,32571.866831483636,32378.510090063257,28050.020271252113,32114.926251804693,28815.44090860495,51440.965140654436,28097.077607868003,0.0,34132.07690060515,28469.55843621519,27305.421497180847,23890.58135192782,33614.7675330167,25728.848507140756,25228.970922209595,31332.172396185684,29966.908857617847,33299.51646279766,26200.78043066682,28971.32268286101
PPARD_HUMAN,PPARD,15328.82756850477,13139.932900991638,15813.193412655695,20077.76141458074,12579.039803538808,13560.250223210489,0.0,14947.429463442912,9016.449871999755,0.0,7275.004642695025,6439.3230855588035,6010.618788798244,6666.2187762387275,9911.28212928875,8830.296671886912,0.0,7378.074046294083,44396.92261746263,35672.44678584601,58226.56080064171,29546.451022509133,41576.31871704524,38625.585533186626,29665.806184035806,0.0,29174.846547144258,6729.84890623927,12745.49997874877,0.0,6235.080843811143,9824.09728225205,10260.761126749772,9154.04134613977,6607.547450298594,12063.321937593946,11068.377794820433,12635.42897687809,12358.6737088102,14442.320717201075,14977.174964327889,11179.245071119492,16706.7481007763
PPARG_HUMAN,PPARG,0.0,154596.35036806532,0.0,111919.21460544916,143073.3255518443,148160.09421119458,134676.62406502088,179420.4635662533,84997.24326617345,177477.94319188868,109393.96660664353,0.0,243078.53635525054,168906.22311483044,240823.26029880607,108832.59534216086,169993.9597711947,162827.1651273311,148031.48285214193,111740.31639099134,154159.49102450852,117643.87312963388,91323.17116382266,192046.14922101717,176653.71679541207,0.0,181755.35206635424,172079.3910027804,259440.99201491356,125404.31694111091,127311.52576565124,165944.52079698918,183891.80064449055,168327.59246788576,172059.6022569285,0.0,133602.52137941215,140343.9139971893,192741.40311769498,136423.88528144898,128966.53376830631,145611.40407984756,170416.93023411898
PPARGC1A_HUMAN,PPARGC1A,8764.252593433248,9517.433774088448,13375.438258019098,7226.890558244259,12391.225617100687,10119.017106863846,13360.035191723056,0.0,11656.32576239015,4035.240859921341,3710.490180541601,3123.567079770446,0.0,4460.508043070346,5479.408885612082,0.0,0.0,5978.301936897301,2510.5188659706982,3833.4568642888567,3659.295036394136,1896.6673674617768,2714.4756622214936,3108.8054580580806,0.0,2744.939788074445,3953.0819637626582,0.0,35179.9592017916,13353.898811701667,0.0,32573.95140411641,30202.100210909226,0.0,17486.832259003506,26618.795960664178,11706.304715641605,9768.485506790612,12386.268621001502,9939.301968484015,7927.282973964646,10085.620754169544,11931.63018709444
PPP1R3A_HUMAN,PPP1R3A,0.0,0.0,55038.07917757642,0.0,0.0,0.0,0.0,45737.586569452294,0.0,0.0,0.0,37807.92808350137,0.0,0.0,0.0,0.0,0.0,0.0,21637.406504588314,0.0,17311.607739311352,0.0,35235.258946579,17369.380653366326,0.0,13114.283924786692,16795.409998498053,108043.19189177337,0.0,83018.62952489192,0.0,0.0,0.0,91273.43096902533,0.0,0.0,50330.85982120251,49910.228625243806,50365.075590301916,51397.00920642585,45764.56280682215,43114.91813346436,51180.87311532728
PRKAA1_HUMAN,PRKAA1,42620.77060120603,49045.40505013524,53943.20652972354,51517.80675877274,48727.27282467653,33337.86551902419,52994.249432207565,56247.221253266755,78656.49066811893,41620.306559053955,40140.41014969902,34083.99575179273,32056.679944175226,53318.461175414326,0.0,48996.3819290801,34743.451301637484,41592.249812428345,45360.77571070759,26699.752978245124,46048.95779202526,45214.50089526889,36015.59103072437,52984.34998382977,43355.64649817139,33586.877533320134,0.0,0.0,39451.33457971727,0.0,56455.765262798785,28406.035952462997,36922.165258890804,32523.74816514003,38881.30133260421,56018.94679708293,43329.91040598829,48672.131451311914,39799.423008762446,42777.099510207525,47522.12641397773,38321.38883790939,39550.230064991454
PRKAA2_HUMAN,PRKAA2,75085.38894456715,39756.4169196439,45890.331253721575,57067.0425094443,35783.280708561346,22926.18296438681,55505.59696442235,48078.4631500295,59133.32233798852,33156.53541122399,37280.288976775184,0.0,30850.83995403545,40166.75922942862,46898.68852091565,46534.68332429145,30617.18058418777,30840.901815752983,35215.02361850771,27641.10287222781,29036.3775323606,33637.85372683993,39409.187619782795,53213.16675127566,38214.10955764024,43271.591156349736,24042.790174198548,30236.42678638965,46927.56563077798,42334.61556878641,0.0,29430.059685919416,41954.89806859232,40881.38871929105,27383.08185144185,62220.254003598966,37131.010873494924,38947.60346593329,39530.936440186844,27697.485890130258,37771.09402275987,34782.994433119246,40863.819408578835
PRKAB1_HUMAN,PRKAB1,0.0,0.0,0.0,0.0,0.0,0.0,0.0,0.0,0.0,0.0,4550.022305973536,0.0,4110.977297947755,0.0,0.0,5483.02573763023,0.0,0.0,4314.469397601704,0.0,0.0,0.0,0.0,0.0,0.0,0.0,0.0,0.0,0.0,0.0,0.0,0.0,5984.6836089114995,4328.820062240378,0.0,0.0,5548.39807674118,3628.1634494849886,6257.486597538612,4297.161789946434,5652.150136315145,4500.8808928017015,4624.897464331025
PRKAB2_HUMAN,PRKAB2,9532.575345269597,7859.4982677948565,8609.429176725525,10887.696879385556,10291.936409361848,7073.3574524081805,9484.862205111493,14154.218777300815,7283.347438446961,16063.37642665271,13327.55282808563,16389.55030781231,21483.644839086606,21547.96580768754,0.0,16372.550304675131,22835.711708407347,16807.652442069822,1863.1498928088752,2063.649872181852,2827.4288722171345,2366.167090372082,0.0,3376.573838699348,2841.192147673588,0.0,3262.4003640009246,25179.46858125104,46825.26719957597,18355.602859400587,0.0,30282.144691883183,20711.346507925897,22048.216986139858,28532.76511362325,25257.248715981757,8616.845611584498,7586.041473608004,11126.895227590441,9064.046711854275,11297.92354029872,12286.270679644915,14245.057873689708
PRKAG1_HUMAN,PRKAG1,0.0,31979.83308554774,0.0,0.0,40283.76999345365,0.0,30964.06500041351,0.0,41902.228250138105,0.0,0.0,0.0,28532.993179199202,0.0,35122.661978357864,23185.395085484455,34233.38413068338,0.0,0.0,43357.03094850869,0.0,35855.20030329378,25744.832493608807,0.0,36109.75557439294,0.0,29265.846607111456,20126.01193142045,0.0,0.0,0.0,39429.45539794973,50839.911861314016,29727.650684890177,23079.11682946397,30195.140490894973,27098.184529546113,32532.127137890864,41443.26145150919,26754.694019873325,24666.321504693162,26760.57405283603,32427.755689700625
PRKCZ_HUMAN,PRKCZ,129465.37865936724,93142.53675229684,122025.56799737301,117857.43864207264,113840.98748110794,94169.8524152728,96529.92172559569,116395.18125165429,77544.16343250037,106207.4367357739,105483.37797386012,136055.86055627707,88498.50882160942,126874.90540578801,108406.8596428388,124994.86936036064,95534.28451352446,156924.70861711664,125345.55052280077,123095.08259154845,101790.0050016227,212589.47605601038,155519.6805777895,110177.28437407283,132384.0387782881,68498.40296736307,116456.01071886443,111087.13335531164,79339.38568797648,83372.55874120377,115590.3292529618,104971.29812404861,114971.52868415076,87969.38283143565,132095.16467049468,142235.55647231464,135482.09225249427,122896.079343238,120653.72926085386,111669.95764755172,102245.8208319119,119373.55462741926,120202.96585407882
PTEN_HUMAN,PTEN,71257.11300826138,69870.20867927474,50216.77210908722,57733.52365646589,64040.041333434354,50813.92287900531,73683.33078836309,59928.29834224524,89104.45781484715,90925.78023191844,118801.653777397,81123.35688523293,46218.5081885963,87517.44053006815,98537.77633869334,106672.53955598052,60839.57451662601,72630.09025189305,0.0,15848.709598944268,23889.76557872302,30907.764827253017,0.0,32913.75926504676,36082.01738022942,22756.189951148637,0.0,17720.775779740048,25163.932757985105,22799.00896370381,35671.256442021375,13131.489594207676,28530.094404542768,17079.743650926517,24853.01707120657,26631.6011346528,69192.60402703617,60303.503137584834,49455.24284847989,46805.177556099356,54746.16784147951,53877.00224824855,48811.65989069068
PTPN1_HUMAN,PTPN1,0.0,4681.862089012987,4947.339671665775,0.0,0.0,2809.858652651312,5987.528649018356,0.0,6659.181464092465,4447.01286519043,0.0,4896.343733250714,3745.868642300397,5022.54832113325,6315.867958202159,7248.1687445625175,3541.4144051260914,0.0,4018.618600258062,2811.433616674339,0.0,3649.9309645122844,3385.5078009152876,4762.983874119316,5472.151267126319,0.0,2515.1139306181394,3612.6965515445263,4288.592492276626,0.0,5362.717989424076,0.0,4158.971131554312,0.0,0.0,5286.109196590234,4549.506548989645,3621.452843237658,3686.0309140777936,3779.9683218387177,3611.2472227187627,4707.3178187401845,4027.453054331338
PYGL_HUMAN,PYGL,2680.452387358952,2703.0715494543115,1716.5229539479258,1612.940989285989,2316.1807355272913,2430.477592726715,0.0,2389.573919321744,1514.031496701046,5724.018606708884,0.0,5069.870408878971,7599.109911848695,5964.550500048707,0.0,0.0,7170.301116954802,0.0,907.6793474825017,706.5493693347565,793.3677349020015,633.2227405862114,0.0,1066.770429421486,889.726938254499,867.4282220716342,0.0,653.7355345905507,0.0,0.0,701.2648643561309,671.5111245252767,655.0406898373716,762.9582297980238,523.0737544819262,745.1188120658184,2244.880444146031,2593.3721208049224,2416.344103324129,2014.6278559306224,2809.367454289399,2097.7372467646146,2213.427741547146
PYGM_HUMAN,PYGM,63187.27628748788,85687.80586311352,77905.6285647986,83092.8977167046,43807.55705167796,72064.1104185436,76397.29763207886,0.0,45968.010614472725,65004.74991926608,50775.30927087907,55544.6041016093,53370.200715057304,54017.0474314056,73480.85394875002,50786.432176094684,70728.65090800094,41042.448105887706,73003.38305198732,50813.14811139274,95671.97851045353,60603.88598407206,77828.7529378006,70626.94125785501,47987.73826026184,77476.03034807912,52300.59849132621,33148.6917589362,59264.52407327787,59305.90862661541,41039.310344914855,48400.18847135562,62715.07995875745,48043.896769224346,42845.82992294012,0.0,73083.46510565419,60893.805871211756,49467.070852803496,59749.044543361604,51406.13857495232,49803.37713418651,64108.12308101859
RELA_HUMAN,RELA,19681.996319876103,12645.853070194262,19322.47949650785,0.0,10883.53833064549,16511.351300326904,8396.095465453349,17350.81840061876,0.0,0.0,43671.363421456044,60724.29091864315,0.0,0.0,37051.34362930615,53670.42589985589,0.0,0.0,0.0,0.0,20657.521571567882,52149.66802976626,53817.97683801378,24686.23888150783,32353.05880434778,0.0,0.0,0.0,8911.967458975761,0.0,9442.15380306446,0.0,9774.033688499929,0.0,0.0,11579.622956327297,14091.396200599964,14780.115098618928,12386.246595915838,16677.25453487671,18670.264011708397,16525.214227804263,27375.242943305155
REN_HUMAN,REN,16050.949452768808,14447.189222286815,21595.597813207165,8770.078461881043,15647.424546965876,12939.41660235886,13400.842865865718,9434.136524543523,18013.95500950945,14410.63418043162,17485.930450613632,9264.866841963865,12314.690592214933,18155.08719914551,20483.927626435005,14546.022940286493,15734.837035498344,16537.094591256235,14526.592695967443,21921.34981866204,14487.226281786016,15109.188352624846,11874.254326360367,12328.049678437177,19262.884741849874,10939.248697085492,12809.59271049321,13190.166586990996,15743.996689839412,0.0,16021.116197559155,15141.993566746773,22548.39918270763,14424.403394165392,9403.435120351607,15130.698674607554,11371.756654500712,12131.756604736898,12751.27734042315,12454.93415910271,18074.809097543428,14695.994228093938,14700.49287281111
RETN_HUMAN,RETN,61663.63099254228,0.0,0.0,0.0,47045.315875070664,50195.67441580767,0.0,0.0,0.0,0.0,42600.065440503146,43630.20670152616,27047.61804583362,41866.85498517727,0.0,48092.60110598164,37714.17253608611,34998.08117164964,48911.959769195506,0.0,0.0,62711.711662845606,59978.08794158182,36335.847126138,0.0,35031.40755524924,0.0,52237.97852251048,0.0,0.0,0.0,38268.510846108635,42305.95907221943,0.0,39498.13340162209,41817.04876670605,37258.71038366144,38065.19713258773,37767.89807199258,43660.57607387606,42379.61226741646,50592.179702853085,45921.468211132
RICTOR_HUMAN,RICTOR,2155.6572667754976,0.0,4922.290406420695,3678.2267775826986,2461.8872183693443,4355.9310212095725,4116.403235375551,3744.581281894847,3040.027354612556,3657.434102614984,4806.63727828739,6283.470565697078,4990.640527442282,0.0,4171.525041541458,3558.4931668233526,2670.416302687029,2109.433785553099,2805.2365949665423,3945.429448553503,3388.3235191345707,4194.736053661131,3714.959655612439,4246.165568397325,3458.397140951725,3779.687122607266,2993.7738164179027,3977.269518037261,2626.299010375767,7342.627600920677,4428.632187796471,5413.454769151256,3440.5305759768084,6204.001027959667,3083.1081511313155,4607.53086578316,3328.560525655664,3973.226146085194,2815.8961719508106,3228.2776663763902,5086.294571708628,3537.912296322646,3838.7186573498802
RPS6KB1_HUMAN,RPS6KB1,7819.789965729512,9958.295608206794,10955.542612114474,9898.276005148799,8443.793948190769,7012.237099622712,9960.754385676531,7767.3461472471035,10317.002351857214,0.0,9864.882590076631,7528.904661108042,10523.895324141731,7725.00194305104,10002.435661978077,10064.180511569983,9223.091038268925,8319.055722239968,11528.497042669314,6678.887075109915,9793.64570941181,12218.412464016981,6870.6819221582555,8034.714621795511,12073.557355253837,9678.541321582483,10830.479007349852,9464.31002471669,11832.366539420176,6366.669695414144,7334.674865252496,8018.849367301944,7412.085690704299,10164.361677713927,11300.519630187198,7772.428813101899,9355.641429574913,6726.482228660364,11339.380241379837,10526.237732102914,7428.067853549632,8922.85482062397,9644.440952085726
RPTOR_HUMAN,RPTOR,6653.160613664613,8155.862466910349,8101.597999539815,8445.70973482307,8134.928066883048,6744.776342758049,4982.183662110115,12263.961350817528,6096.399958939597,6279.763045646338,3584.723777174925,7040.516874526203,8332.920822140639,7452.521310423715,2833.3660363019835,2956.0737601499873,4523.933599750623,5471.396651905881,15509.132565809636,13085.955599740419,24268.015087527612,17538.857553003858,11473.087524120303,20144.482401558555,17272.743858833823,24985.548696765367,22093.297708052105,6193.549986277554,3075.6020542248407,4731.631038566896,4618.416165057758,4597.050701717918,3488.1038126659305,3263.5500794554855,0.0,0.0,6751.7231937127335,8562.41065327358,7805.9410710890115,8641.877280357156,8333.644935825836,7660.980642853634,9358.40375494661
RXRA_HUMAN,RXRA,0.0,31787.724380375468,19207.314788277738,19647.607824339517,12663.625274956848,22438.594361784133,18155.58941435944,19647.48541067241,14122.969979001044,0.0,19874.555762372886,17125.51876460606,15835.140434542758,12624.986993095796,18761.782052065108,23744.95503036544,19452.908881497435,17670.129055533587,0.0,14960.862228517673,15743.91592334127,28482.295326807027,23046.40180230566,18572.55630523663,13893.006532708796,20719.999056937504,16691.243851016374,16287.96845422061,15085.431487052345,52038.739330776465,18559.34446332039,17239.831641106786,16251.97936665146,0.0,15819.201934217437,18795.90742768284,18115.11322011626,22608.187750298333,23281.75569151755,17180.02823405676,19521.88529648527,14636.510475689658,20353.640949345056
SAA1_HUMAN,SAA1,11927.02877600799,19812.702697260014,14545.419155733578,15681.665138260327,9584.974757235235,14435.056809116322,16033.340372972307,13546.667283532419,10295.534133827288,11720.424487034072,12806.52725191449,10159.276171069283,13598.430710175984,9339.809564342186,18673.935968698373,10783.39681266934,0.0,9266.993629595134,18666.787936474193,14343.959794058119,23920.994595171207,12666.424896102204,16349.222999302783,15354.567194637153,13852.899447167572,20045.350573138505,9502.133949281042,8882.753977536831,16707.937214132104,20728.19128452715,10752.37802380089,14011.289439323276,15781.645310604617,15151.473763446762,7158.322842278475,15470.862969818958,13266.129629096982,14406.509187730639,12679.042295332114,17856.813476597043,13711.289233534417,11851.040552680215,14668.139358121594
SCAP_HUMAN,SCAP,10219.450371980689,9779.952682523275,12873.54992413598,14347.15607090119,10223.246509180588,9007.445285952292,12768.075162288376,8788.679180405834,9960.18061429696,12781.838943273333,10935.55853549389,11298.0129791515,12020.728843874333,8501.995025278693,11745.694834766527,10280.391648175171,11417.534351228975,7786.263708436419,0.0,6262.52399982248,11186.918315083352,12469.12930778671,12608.496154314591,8754.641886843334,12589.325117097005,9769.891119963335,14282.625052187126,7990.518545642203,13993.39254618897,7816.752163262436,7836.602213629437,11123.479559910364,11272.906832496774,11306.09017070498,0.0,8254.767506352762,9008.386586639825,10389.391342287803,8964.476942456853,12596.457579863058,11189.29220815737,12130.386284063108,9766.508550521596
SCARB1_HUMAN,SCARB1,2450.499820065582,2676.677523730782,5536.073342406451,4473.6768479356915,1876.7200114729553,2006.3353415129563,5210.691150941122,4572.9781057774835,4831.77277783184,4672.601197157146,4591.635883063795,4016.27922345232,2345.3904238381456,6384.6696806973405,4494.210315643195,3164.7094395887207,6153.545078606915,0.0,3315.4043702575664,8941.016967157404,0.0,6818.355167746603,2726.255193457476,3153.4106843036193,3740.2461379270385,5074.300232780037,5034.6943741776,4861.664433661818,0.0,5559.846818337029,6348.088232589685,5175.295025968226,5684.736064975538,3372.0017741714364,4580.6953444510145,8020.398659522848,4022.1571012908416,3932.8018886832406,3431.4540436704588,4656.415298563654,2710.413116157683,5469.259953351764,4183.316918898143
SCD_HUMAN,SCD,5100.738617628121,0.0,12995.99201775039,0.0,6162.115519572651,0.0,7879.301210759922,5205.941704551348,0.0,0.0,5837.125699018698,0.0,0.0,0.0,6138.992311716489,0.0,6228.860917171119,0.0,0.0,3299.91592215426,0.0,0.0,0.0,0.0,9423.697956331558,4677.006405056087,0.0,5652.821783242226,8344.259436348864,6051.396964311984,4222.980449535505,0.0,0.0,8574.248091321911,6632.821432256445,4777.358981621229,6482.559089377094,6741.345704581341,5428.928170066147,5384.028457684062,4862.880180479815,6426.696347091619,6234.5976033954985
SELE_HUMAN,SELE,4548.993022517947,5788.04308307765,6709.108513468849,5006.0408066350155,5098.667790300607,4706.163074765523,0.0,3181.118016642126,4945.222655916844,4537.580574359497,5314.529017848696,5120.553979590041,5320.15229454398,4759.806540376176,4795.689657558282,5022.074673863353,6951.392122980918,4818.306054505123,4594.986021202537,2308.5683789176937,7563.444910447534,6642.742179782669,5092.126428540196,5045.704027143738,9842.868637718539,4459.628636221451,5184.854579940713,5111.254015298206,0.0,0.0,5284.122623921091,5607.540063120759,0.0,0.0,4926.572954855684,4422.007613183742,5756.513821522869,5905.595693613989,4818.922427693074,3677.1499822947053,3891.201318102815,7134.765513277511,5643.3419820185345
SERPINA1_HUMAN,SERPINA1,0.0,5653.2659279862255,6021.960118026075,5795.502200903421,2917.0370045882596,6494.856370627477,5739.078654335168,0.0,2775.837815584918,7295.871719311784,8367.132325228722,6717.714153668714,6938.687907392056,7632.647616644691,0.0,6471.731306266049,7633.502186724146,0.0,12987.745171786524,8781.659499778236,14857.279895247511,0.0,13354.189714700682,15202.96140999331,6448.081967096629,11698.311041791878,7877.64350593806,4106.302338025982,6645.812750568535,7303.730841248194,4390.217611939013,5889.316558439653,6834.082886031145,7182.572494017431,4609.836569916885,8044.266715799127,3332.419376601719,4767.156072502943,4621.268125120044,3687.541896466403,5309.61808192039,4469.7112620802045,6918.954358747499
SERPINE1_HUMAN,SERPINE1,0.0,21467.98515504182,0.0,0.0,13301.627421729667,0.0,21172.26272630355,0.0,13686.780221551426,22438.363425568565,13067.263367011159,14152.480152624352,17048.34262525411,0.0,0.0,19386.84748449523,0.0,18715.043297389242,13570.578572229837,0.0,0.0,19445.090847177886,18055.292725327807,18725.745597187604,13827.328541314786,15850.48047875545,0.0,13640.937464238852,0.0,26625.808863252885,0.0,15470.54078525904,11653.20091152221,0.0,15317.618180183266,22897.544007052777,16953.52287906071,14358.650909059334,12722.426919807624,16358.72070408506,18739.21845326709,21870.114186923278,16319.677012386217
SIRT1_HUMAN,SIRT1,3673.569170805847,3140.1293955609945,3611.0537767696624,4237.299718136169,3847.445277717181,2688.2328408854173,2627.0066111465585,5243.235538025608,3804.7769151686125,2845.649203921036,2212.757856784516,3858.409048645752,2578.849977996186,4311.766645116808,1192.7982314803776,2563.727038751122,2648.5850519645364,2505.491535424655,1453.2535292406226,1163.5144930614838,2869.9333747647165,2988.163461460547,1473.3153930707497,3091.9750729492907,1702.0250842426094,1996.6797042093078,2048.7850963292967,8499.300078356135,6874.639894115995,10075.96627242849,12555.511242698254,8903.08778834559,7470.7474425833225,6093.0701183115325,5657.605395648622,5957.224488818622,3794.2218441056693,4232.483256321085,4468.008993800575,3193.8175983883507,3729.3709555051264,4408.1981663059805,3916.223289974044
SIRT3_HUMAN,SIRT3,505422.9164372526,440194.3013619978,445650.9179537231,343124.85114354856,432540.3868882834,384604.53794834274,435143.1191968759,464691.70286564063,733932.2298239433,406327.0503449192,349235.4065706793,378642.134790389,332753.30916258483,493546.12775363,352127.8328980958,387125.45240118157,400329.2855925496,347265.52013614884,303780.1928844714,301427.5976638686,368634.779205749,440913.9779266302,334198.5447311224,451295.3409600729,404045.3343183025,294989.91196352773,201815.00546739405,0.0,394149.8374619179,448849.8187944523,463614.7621485402,173834.6336096447,413435.83405738807,322169.2779318934,370269.8937093737,515090.9243153199,693610.5892653149,443878.2091810349,359817.718997579,555536.1223424206,307392.85005382163,465915.45216274663,420155.6289315599
SLC2A1_HUMAN,SLC2A1,19128.810529199312,35066.970702731174,0.0,20561.980923748215,0.0,28282.988787696566,21916.805606399812,23826.997069771573,14071.622517580734,13342.389930695215,11054.887321824464,10806.993589394542,10466.011336105244,14962.24095483264,12873.359720952842,13178.310221608554,14407.159755862856,10726.103995119614,34853.582777582174,33453.32391086522,35143.04128590559,60032.82916009883,58916.43968435811,41044.70177398132,54258.86138704632,37750.32015245737,35164.24886211022,16764.517463523567,7326.688449336436,17569.59732285729,11044.944954459874,12679.617042663229,12547.181202652266,16810.316116736365,11343.94198927838,0.0,16436.665117614863,23115.775503689918,26185.6259953907,15826.564084629908,24470.063313756695,20236.81215641031,23368.917628216637
SLC2A2_HUMAN,SLC2A2,14900.246481870705,7453.320998984605,11841.830582327344,13936.581930679882,13490.70121387369,6401.079381797179,10306.951189951735,13256.024128885505,14156.387028090692,11892.70120013832,8792.62103072659,11881.459141846288,6549.606859831382,9857.079044486309,10305.857178087812,13161.23426933311,8479.5635722095,9311.55888269305,12914.113975172562,6391.994106432574,11169.693128554989,9062.24647451743,7215.913534909618,10768.492516959232,10436.024005739664,7640.457643961984,7367.987660883136,7562.04738635124,9427.466554305167,10148.913836275025,11426.936877923708,4148.358324208002,9985.9650528638,9272.442291017649,7180.378589210763,10346.217865664315,8934.429138907099,10459.752719608332,8297.341254038103,8352.49097092639,9964.146541445876,9491.650992544299,9518.103839013731
SLC2A4_HUMAN,SLC2A4,0.0,16976.15159505639,12362.082922150277,14940.000841985004,8133.510265601094,9754.622004242694,0.0,0.0,0.0,20582.307138863438,15945.168725054928,0.0,20842.4972623121,0.0,31898.04262156954,19352.33545557684,0.0,0.0,8088.713240824611,0.0,0.0,0.0,0.0,0.0,0.0,5261.43093094397,3819.793431824184,8691.656121720158,0.0,25632.277655133817,23710.635218311785,23591.637836746206,0.0,17901.090555449628,0.0,0.0,13280.869325458641,10420.374739858678,11411.641725372874,10496.154881651493,14243.042380300782,8698.719536007213,15008.231990775706
SOD1_HUMAN,SOD1,17886.85592032935,17027.972890286674,22733.314513491678,0.0,21587.827819511298,31362.099178832388,35240.055765792604,34501.11674759712,32861.26123721983,23988.606094875126,0.0,34916.02347830067,35243.83600378824,33569.36345528529,52518.12942811015,0.0,47455.280380087526,26149.341476293885,32344.2894408489,22314.533904920838,17170.847396393874,22317.28696829697,37217.14796509502,0.0,37672.308798358004,31626.080432217157,19404.31194835829,23116.093742403158,21655.775977220543,34604.661114937764,53231.206481200126,44195.408181526465,17167.425923114308,31839.358401714013,23907.262381262557,51959.656299765025,26965.575487856477,21974.49867074305,24666.799428499427,27685.53857196853,32995.592593424946,34847.039784260305,30964.084864233064
SORBS1_HUMAN,SORBS1,9893.682317821596,11126.469253652669,0.0,12199.35679839786,7556.357193121369,17604.39592954833,16206.521688852657,21222.208509929853,13653.62817924847,28303.83907105767,39025.701252006715,54987.821319809846,35523.201875968676,35900.37112718638,40453.81702235916,25456.44431376074,45572.78765266713,31283.88232501319,9513.01684273372,6034.306587965012,5334.379459884387,5888.581030011418,11921.43186572974,6324.734283665468,9383.455485601038,8451.938357110064,6613.675935232063,9654.224476341808,7919.1177649580395,14263.071177936468,15228.515075725387,17164.299614343254,4396.226263096057,9738.913193638085,6865.959780985968,16296.558940938996,18364.48761043477,18274.201569088444,16831.18964568345,13328.173416624983,11311.981078306591,13368.841847173544,16871.275172030604
SREBF1_HUMAN,SREBF1,164150.5528146074,372807.8581264736,286774.8207572399,254852.34625080827,151376.3654812463,293514.73262279696,205294.08136712818,236575.59519774545,207100.6349002983,328820.9131938025,224669.93603979872,242547.11805429478,176267.7787854384,183167.97606487485,264525.9205904146,265796.2402886649,250247.31977861078,187889.16946041732,171485.3875439931,281739.3607287925,199434.59389029245,367924.00913145544,350216.582753374,212209.61378648126,188204.2697797879,188010.37343753775,227045.40665033486,242683.19213862056,165792.52266408288,411678.45785276603,225813.8737880208,240379.2805083047,0.0,273592.92916558153,192819.12931464225,229567.39768700625,193172.25808057206,210620.6050204376,209840.1615918341,163098.88147247696,203511.8042236179,218300.4206295041,249217.97964664962
SREBF2_HUMAN,SREBF2,3277.817017866076,2799.7860068188074,3601.2979443214167,3716.0518299446853,4000.4539812761545,3944.3835436810455,0.0,4739.197216331861,4839.0636420124,14325.75452742217,7270.224889192464,10639.09297459751,10435.928723326155,15936.703966696234,5432.966590140954,7665.608397080247,10113.788307385463,0.0,8500.518021675718,5309.572324109757,12370.856026382247,10663.536572652245,6456.7097483182515,14402.126888405704,10669.435679675684,10621.820013705057,6612.751281060413,2413.293281263483,1016.4875669417302,2104.262487390248,1931.737197856112,2275.1413060061036,0.0,0.0,1206.1005602769917,1766.2284866869707,4033.7297704762473,4008.2960936955333,4084.3368256391022,3193.941805554482,3987.4314312915776,4350.437816964278,6867.861925475927
STK11_HUMAN,STK11,10469.156165250819,16510.926668162476,18530.33984737179,8986.679697354391,20558.473614158687,15580.318164269574,15215.701538058856,15563.725486711082,17226.395387406497,14994.379100133898,12844.719636438318,11975.035772270263,14480.055564940127,14601.49395763429,20957.99320066428,12846.16409179133,19347.381627195216,19211.484038379724,13784.86057846005,17004.708587048204,17797.702586002255,12373.235525424567,13360.503883941312,15445.314943422645,14604.733462056894,14488.04718325332,13078.546838379909,11556.190737356546,19248.32864314057,8239.2438713613,23472.775236447203,0.0,18705.153991564526,12307.211023031512,14328.362035620954,14014.909300587293,12468.899801244444,16174.453314113178,16316.303967807913,17371.8156996861,20018.891350446193,16318.094594949434,15875.91643841214
TBC1D4_HUMAN,TBC1D4,0.0,19406.57421578473,17899.190654833656,15709.088356992894,0.0,0.0,0.0,0.0,0.0,0.0,0.0,0.0,0.0,0.0,0.0,0.0,0.0,0.0,0.0,13886.383116979569,0.0,18571.508097371774,14064.687299175876,9651.665200408728,0.0,0.0,0.0,0.0,0.0,0.0,0.0,13074.463020372448,9510.22003180089,0.0,0.0,0.0,15618.304227211702,13085.234507382123,20312.208401274187,12964.791041336843,13049.289462566709,11692.855170022734,12846.596934022584
TCF7L2_HUMAN,TCF7L2,0.0,7544.140938001882,0.0,0.0,0.0,5245.312039834455,9843.740880309533,0.0,0.0,7336.8586547624045,0.0,5958.323805209589,7907.988495732776,6873.443590365083,0.0,0.0,5975.75179716546,6635.627500966249,0.0,5037.946024299309,6041.308230949701,0.0,0.0,0.0,8322.9283232745,6728.424105747671,4639.489360755666,5692.331078568426,0.0,7873.41464414725,11384.373718485633,4791.753180925576,9905.430306879503,4449.040528715451,0.0,7499.045036951991,7901.078144004515,7041.626127978015,7701.34915950078,5608.009450962103,7302.62196022326,5593.144024332693,7536.85583649104
TGFB1_HUMAN,TGFB1,35206.880365868405,0.0,0.0,0.0,30550.331815447826,41313.97370078245,37067.91528168775,0.0,34292.97514745574,27360.380333114015,37727.36272026149,29849.183796982285,30754.35533095088,21311.10322859286,48297.68139072968,32474.825194095,33150.13169048687,26938.440875118074,33141.93437434546,34797.97656367343,73085.40608212326,36844.277359289394,63557.149657201575,39700.37482561604,26926.680165447946,48153.735305052964,31555.884775992934,23788.839783047653,33548.428871470154,31218.49307620873,26051.336838562234,35738.14945667829,40358.631803424934,29783.636070325334,20663.65931822345,43233.44561774422,25976.691920725134,31914.021497696263,38135.41569561286,29899.928736422524,45461.477355490475,32995.85016946668,33907.58897179184
TLR2_HUMAN,TLR2,4911.353378206457,3230.589961603033,3795.359533163904,5638.840654359569,4969.587293036483,5599.401455541933,0.0,4499.071137516161,4787.259374664729,5410.468668870875,3885.460072156799,5456.227157132661,4860.290594454721,6330.609969401346,3150.0046367729747,4323.9289791346055,5629.376067728622,5417.138789520658,4386.172364225604,0.0,6769.411837867842,7260.3591678504345,3069.7200875581248,6346.859450001218,5177.883444751292,5837.843748018293,3826.5016502285935,6633.370299858654,3893.419989860724,4329.5161528243325,0.0,4816.766616895921,4045.0381941803066,3979.4710433447663,3913.975700345272,4911.119095379853,4495.816522215596,4576.567633958317,4984.068746315872,3746.7130038339083,5858.537450448318,6279.366392427091,4399.343807211147
TLR4_HUMAN,TLR4,12229.626848517444,10969.621863669974,13563.311037428772,10910.416366267764,12186.291379930832,7021.137912826998,13418.59314164071,14982.495490309011,15871.7258976666,9011.207408121776,11825.024425220994,0.0,7625.640925700753,9970.178498859717,14316.744675453472,12839.331022965614,10151.126772866352,9739.561596594942,7853.2744370525,7639.913169931732,0.0,10160.615415599023,8943.518046167406,13249.159112063935,10718.726149165364,6854.67428752178,5976.181695735086,9206.057818547773,8161.250290084974,13755.368978975757,14840.551279515885,6751.922935743945,8682.13142649701,9308.253293251222,11680.703827123483,12780.17868728366,10647.430218554893,10356.16999749261,10006.240810723062,9216.875977284071,8572.964749158253,10286.4707523298,9982.141169566967
TNF_HUMAN,TNF,102501.55653518,86150.03360575641,103386.22672193273,99523.08148906054,62306.12186628085,91487.9060779516,69745.97130091178,85822.77757670598,54435.214976595424,83673.62505887427,121822.51344099743,113497.74256093235,74330.11435490171,119077.64347961635,111686.30332951967,95714.67214079763,75601.84450046708,81183.14407435343,76973.47865493901,99977.65110718706,74728.02560241318,132360.87497172703,130745.87118405374,81196.82162552795,106020.41531990428,61288.14970023449,85219.47067573338,0.0,66866.6132039986,83091.95941840927,117051.26697457099,114854.06978258013,81202.7256082297,81010.92806460145,78156.3649821599,78452.04965962032,89254.78780206852,71568.55139787508,59061.72064116056,84445.1376611609,96392.54786055862,86618.3999889845,88663.30124691174
TNFRSF1A_HUMAN,TNFRSF1A,31382.638282179654,26101.510796902126,33553.33882302479,50753.69034653016,0.0,52137.56101927364,60711.143787800305,58649.07947920499,41322.52761235774,32555.388785067924,72912.918220545,71261.08945940134,0.0,49203.5113634706,63911.38507368624,33904.78625739549,62103.04526757469,50985.863531551644,56786.100242584645,30819.809601330824,27803.845221151892,40286.98080242493,59223.183501696374,44631.91576794158,51267.703423333915,36829.90698297145,29880.24992856845,49098.797274033,46156.35716107468,55611.46278054179,66369.75103336766,64198.8384787938,23046.52509780953,36647.74297784883,41351.178568153904,61006.48195274934,37257.57727051391,34115.931956235174,40589.78976651888,43647.01585784833,36533.34981539506,40952.56182402973,52666.16485410483
TNFRSF1B_HUMAN,TNFRSF1B,74014.06133500501,63763.72440493178,54452.462977199655,63450.27452520765,72248.84017625172,0.0,64729.05002146404,0.0,51630.82941295313,30610.776886244774,16581.559578521097,26233.383924616774,44022.186347798655,25260.549872516116,44223.3004305049,27033.587987229814,36915.549806458104,21343.811991764887,31482.06377382423,27584.81367133704,40085.39764590946,0.0,32958.995358896915,36731.98008541297,42305.98354200497,48084.21229562235,36504.15259739636,171692.19875904042,147496.46888253858,102770.16137615126,86441.5758828848,164989.11029451602,126236.379078861,129269.17125165305,123050.97871641585,157814.26681186468,90585.12348447733,59552.13100827024,52961.43654747516,63641.84419539318,82539.53226434044,66811.46743094276,68840.76461092674
TP53_HUMAN,TP53,59218.10860877796,63323.37541600523,67412.4414659453,75511.46324547146,86978.91541321563,62719.739006014795,43359.828876763655,98012.7116068359,0.0,78663.57629086309,56517.82600904107,77835.03975649364,93893.35366458331,106395.3112871213,39615.58721501898,0.0,60446.665523287265,68938.01160279773,60525.3202355978,32933.11278182092,93639.87071178206,73370.2261769412,51672.956657024246,74989.57966185389,62706.820318174825,78076.4954335092,57628.67660017001,71496.29195796362,37623.567417003695,66803.87417098631,79025.64844078882,92867.7533891441,56146.48497133543,56384.60454902441,67951.67208732944,75889.41489732018,57888.40261843197,74306.5889915726,59751.17038707584,85371.19493153505,60561.99291065533,70026.14924283327,67873.06364355431
TSC1_HUMAN,TSC1,0.0,729695.6997590017,0.0,0.0,0.0,0.0,0.0,0.0,331215.89314280456,428720.86570655636,0.0,0.0,421802.3758228032,0.0,358465.8239259661,0.0,0.0,0.0,0.0,0.0,0.0,629344.9796965766,0.0,0.0,0.0,0.0,0.0,0.0,0.0,0.0,0.0,463815.3093104748,0.0,0.0,0.0,0.0,403193.27242720197,379352.04972254933,435118.4385520228,348379.63330651185,484422.0360777608,405057.72624571226,443348.02341017517
TSC2_HUMAN,TSC2,0.0,288088.4529896551,232705.19566630956,0.0,190547.3858799524,245731.6284961869,196593.33535191623,162028.50641008222,151115.89690319748,249032.90735980446,257726.94862628824,0.0,197561.16038091062,198532.85709549987,0.0,329510.59470482275,232434.54726867672,130044.47221583965,211439.32762091712,209069.95094126838,178767.71586775256,316799.5303585108,0.0,217771.4271231637,218599.974565292,233626.34151168197,199500.46523794084,204100.9222071154,155621.82482890578,309356.50291490747,220699.20750656622,160475.2858209445,178233.05304926547,251139.82467203957,156860.3758258582,370416.96179182164,249994.91895416874,245390.24315184372,226728.77668091728,193431.9388853998,191903.45295407518,254830.68730511228,212711.04785848124
VEGFA_HUMAN,VEGFA,0.0,0.0,18332.27211159233,0.0,0.0,0.0,14257.972226556525,8727.102376379018,0.0,0.0,0.0,0.0,0.0,0.0,0.0,11319.039962568277,0.0,0.0,0.0,0.0,7240.28609079077,17700.553695823117,0.0,0.0,0.0,0.0,10326.541670544173,0.0,0.0,0.0,0.0,0.0,0.0,0.0,0.0,0.0,9840.038701230902,10447.267841215697,9425.634333920483,9126.82062447691,11926.581676726448,8919.864862369232,9317.737188910947
VWF_HUMAN,VWF,29390.414282727517,24613.235250756206,23825.19920941127,30870.243081219316,20911.69905112318,19272.401958523395,15211.849905336478,17834.002257902324,16826.80515342364,20079.202868492,26702.84777838506,28679.31602794019,15564.39517550653,23935.01594451598,25577.429456731625,0.0,15395.888251602946,22451.43966735731,26679.705623445327,19364.958435609093,17737.47364158803,26391.163428813954,42877.44953777657,14247.014637593697,19232.548597944548,16830.086304933233,24249.674054987383,0.0,14088.314078546882,13899.202721296462,24985.859199310704,22013.38766609837,20390.07182254439,23526.008925105187,20083.358177631104,21981.4618773178,25820.90329494899,20516.5996009603,22526.22485655575,26300.698583967678,20826.64336127732,22964.935930543354,20951.080992410218
WFS1_HUMAN,WFS1,0.0,0.0,46405.97624774833,38922.50859290648,27397.131744121616,19230.84745087841,28519.661230651564,38616.184560530484,54045.0569734716,0.0,0.0,47256.41232707513,22050.851961883007,40654.13098454016,45183.16900055209,32582.28323584987,39111.77871189808,26672.620500650613,37734.7104205707,25341.089981536774,42199.443804087416,49936.67725242734,35825.53783216295,0.0,0.0,48482.229029922586,34941.887213625036,0.0,39472.28015138077,47169.31497642389,0.0,23865.41658629401,22761.392438372266,45070.07685869665,33645.94086514305,0.0,37020.633832067855,33141.09898720318,39357.5589513573,31098.222210176064,33722.82627288057,53340.990387985585,36852.441894538664
XBP1_HUMAN,XBP1,104417.3774650048,111103.70636620947,142687.28633947668,116296.92025505325,71691.43486391878,107822.36398268073,120733.45426914768,78456.03040046364,84827.77739182477,104061.25493454322,113304.06426639995,87463.03216939513,0.0,104563.9150462076,166873.14593436144,129085.93054264293,0.0,73699.09544410378,160659.51443484044,89473.34509020208,202479.52966047506,89215.04696166057,132244.10162815158,120038.69392677171,75516.24062662455,128593.91453032111,93010.53185568521,62034.570291945136,106322.03073502361,0.0,78034.86474836519,88044.61944666025,89264.92050776191,109352.8918679022,75927.80535950155,101875.10858195885,107864.07789867563,86564.56404835536,99140.2579904251,92191.3073718043,85703.11944893518,98126.54329780716,113027.62579085575
