Protein,Gene,Control_1,Control_2,Control_3,Control_4,Control_5,Control_6,Mild_1,Mild_2,Mild_3,Mild_4,Mild_5,Mild_6,Moderate_1,Moderate_2,Moderate_3,Moderate_4,Moderate_5,Moderate_6,Severe_1,Severe_2,Severe_3,Severe_4,Severe_5,Severe_6,QC_1,QC_2,QC_3,QC_4,QC_5,QC_6
ABCA1_HUMAN,ABCA1,0.0,43504.96638810737,46360.75266956244,57624.38836660447,0.0,55066.06505359308,52086.858766903824,42333.331296693366,54749.52086841461,62427.60012605779,55516.53430466555,57350.33354180998,44634.29611329505,49490.98371277836,47995.99311131722,47628.71797209437,46821.81791922204,56157.759304067935,55824.964437153605,58329.548930193734,67336.82347231559,52749.6628766658,55123.82274236279,52797.00386152686,40340.22834561598,43837.511901128084,55135.69474668399,48116.26415949327,50999.89714581351,41504.669966791545
ABCB11_HUMAN,ABCB11,5218.7133388595885,4780.760614132092,5140.203077381543,5144.420010140435,3916.940578869764,5896.660266474425,4133.602700434847,4778.82273146283,4663.264705609618,5835.449696224243,5080.119470490842,5774.489029886571,5153.89510750603,0.0,4429.300851359014,4657.769358090194,5026.905548321219,5195.603201149945,0.0,6174.586563832167,5230.509027263424,4232.891803752747,6248.676113452317,3882.703312196329,5304.270240156199,4607.388323076637,6330.146463837572,5666.711410892839,4197.40925840144,5813.332690335247
ABCC8_HUMAN,ABCC8,36327.60712026774,0.0,0.0,0.0,56972.42534083504,55240.87353533056,0.0,0.0,0.0,0.0,0.0,0.0,0.0,0.0,0.0,0.0,0.0,0.0,0.0,13469.981380582269,0.0,0.0,10583.43431375096,0.0,44150.22451318826,48098.24810653964,54331.377225600496,45687.40659299264,47153.83356064805,37129.25575759602
ABCG1_HUMAN,ABCG1,6829.307999274063,6328.035913633946,0.0,0.0,0.0,7590.225646589921,6477.882029446059,0.0,0.0,0.0,7405.092676802336,0.0,6786.0075648075735,8660.489268331454,6618.653410551441,9676.078964490018,7089.968774337037,6542.164128126432,6974.4077184144435,7316.4202767021925,7830.879091167933,0.0,7551.424942218069,8230.172895832553,8489.03709968125,7899.512442514221,9863.518875873697,7034.95721046464,6735.259919970377,6161.712406019848
ABCG5_HUMAN,ABCG5,16002.228723596589,12161.309271028376,18299.27750652719,15012.662043629203,0.0,17586.86070799742,13923.1164954355,22840.17619197701,14855.27091648639,14679.114574237694,15671.505512368036,17902.210351383255,14186.918940101397,18809.91091315437,17020.82535330446,16220.365133750003,0.0,16929.28890151344,0.0,12297.258315823616,17462.659081709015,14480.853714560775,15888.11566704361,14600.646439153448,15800.047759671263,15544.097718214854,15728.248984939148,15551.238998077495,15036.813065102511,19361.31989775393
ABCG8_HUMAN,ABCG8,0.0,27351.641958138145,30729.866675230187,0.0,26928.862934013094,23259.894845596864,12793.047260625222,17683.001661649472,12770.527195486435,0.0,0.0,10506.47427389115,0.0,3381.9488345859,4180.573020953843,3950.208427734107,2623.933377867608,0.0,4616.981700376999,3933.588985121338,0.0,0.0,5046.13216835469,3785.8036136262112,20775.9656872101,27487.98548135466,32736.351234403646,26049.20772812296,26215.144198590817,25762.793201704222
ACACA_HUMAN,ACACA,5329.831477377221,10039.482594833325,9849.0164165183,0.0,7897.377674359195,7516.889181724593,7060.921388111772,9389.332365718568,8380.258036049892,6222.965519744633,6906.531447109515,7808.636397169722,6818.445152195459,8229.150782864064,10023.885129939745,10003.326984109217,8226.984182661392,6480.899462520498,8584.991610367983,6166.8533274017545,6885.952689370338,6687.297191775391,7160.9200938448985,7782.817087414523,8717.420573171814,7771.471190725699,5792.6835319349275,8142.861663617034,8366.862682926478,8412.72355263601
ACACB_HUMAN,ACACB,12029.213982095966,12974.906256724547,12452.414244936403,15172.78288389882,10051.510289584583,12393.426839759633,16296.698249113097,12387.376281412578,16313.325896574108,15040.226377215804,10003.42065013182,11663.840992009493,17767.495928934943,10270.822263249758,12126.381128605968,13498.481715083253,13821.811707156083,0.0,11462.686696320676,13543.53313782704,14902.185571621194,12671.695841224553,0.0,12386.887241939845,11060.69455848475,13249.895116123069,15632.832548289516,12282.536597919227,14683.52305006322,9794.35998758369
ACADM_HUMAN,ACADM,8469.676130891405,13527.937968137907,10918.770539390403,11956.836875664969,8960.522835525959,9706.692588615957,13377.437008833542,11128.124208846464,12335.49351721209,11245.615422763454,13361.880534305796,10304.526140738379,7922.459806670327,9695.504125477088,12168.331769945817,11653.745287210446,10760.05493814286,0.0,10224.722762919224,9395.784981296625,0.0,10087.752800259603,11603.849454042587,8998.051184302096,8945.465851005914,10141.262862759873,15643.091576834217,12031.372600863215,10744.49633191803,10534.614912087138
ACADVL_HUMAN,ACADVL,26225.888437842237,25853.915948704038,28219.791398965455,34428.30839355604,24118.868578096808,37764.55943554641,26143.99488482964,36132.352350470486,31308.309797267822,37814.14378758983,28562.70581373365,30845.714096816468,44753.42242135107,36224.679013235705,71438.49145814148,53088.071678226916,50445.38751238244,47271.48619315988,58442.81094337021,0.0,56230.09425289776,52248.25739563416,46199.350311038164,52635.57423378002,31570.340574364778,26647.199026172362,32451.393885339105,29559.947894434557,35778.047399227995,26263.711148543625
ACE_HUMAN,ACE,0.0,0.0,0.0,0.0,0.0,15843.782875196814,19110.415570514422,25466.499743408436,22176.402734862135,25139.224544474408,18967.355530497793,19821.447608036084,15896.305225030075,20468.31120410594,23216.74192160284,0.0,20791.414032888497,0.0,4505.029286772211,5128.979656060739,0.0,0.0,5697.125349999889,6099.377441567682,19063.291506534137,17211.59478570345,14598.069040639726,21251.815324944717,18342.483269270615,20746.837553566114
ACOX1_HUMAN,ACOX1,17946.828827442827,19123.230860189335,0.0,0.0,23159.197599839717,17629.186817237874,18039.580292784052,18665.120472871375,21180.547238493687,0.0,23591.65244048779,15167.394299365353,19332.647285538285,0.0,0.0,20968.217021635224,22475.10396473913,0.0,0.0,19581.71574277696,19785.686767705058,22900.251293706715,19077.213109183365,18432.390539814696,22614.14400478373,21693.767650671853,23249.4748960714,16733.528289184207,23467.87361147491,19339.065245565067
ACTB_HUMAN,ACTB,0.0,0.0,127552.82017572758,103129.97665151392,0.0,0.0,0.0,131681.45779062202,117586.64234148455,0.0,86876.20262522608,154208.1612099347,110682.99599436451,111149.1831971099,117045.5662824579,0.0,118772.95339706168,0.0,117125.19621212348,0.0,0.0,0.0,95561.89045208332,107531.96414192209,126822.51248353842,97565.42186633022,156335.69805684523,125309.38961139368,115010.03297312958,119718.78010550578
ADCY5_HUMAN,ADCY5,48707.55568237949,42605.56638348055,28494.234017285446,35584.23630558241,43488.213955401945,33348.81552931073,39978.053784991724,26943.242475223862,34688.0440555039,38522.33327673107,42250.46972684279,35243.08415748536,43540.711767712775,30305.620763654708,36842.807061849824,38952.630870851244,29929.780536198068,0.0,39585.37611791166,32090.925026762692,41169.29521792408,33418.319766944,34360.06113358267,30844.84687908446,35889.20389249026,27243.895383494633,39136.018102707596,50024.8844776496,35436.75146337015,26812.28117296436
ADIPOQ_HUMAN,ADIPOQ,0.0,0.0,0.0,0.0,0.0,0.0,0.0,35785.86551660056,36303.369002809,32889.17663231864,0.0,30798.877313649144,0.0,0.0,0.0,38797.840305242884,0.0,0.0,33132.05188029243,0.0,0.0,0.0,0.0,0.0,34747.33196875843,51478.35688027166,32503.016606915753,27069.150401647246,33120.58919406928,34307.15248186497
ADIPOR1_HUMAN,ADIPOR1,52119.12126254739,73204.92954173627,0.0,53305.428168056416,59848.49441193413,54908.14841349478,54255.150709656395,0.0,66891.59533523204,63836.979380473495,0.0,62254.54106441506,0.0,62150.5967367297,63566.54928549884,66169.97963149563,71250.46676230685,59114.1759374323,0.0,0.0,60071.029984596746,0.0,59328.72061476,0.0,56608.207474231975,73333.71269970639,77843.81684495445,67693.43468091851,88237.71245409588,48097.113072970285
ADIPOR2_HUMAN,ADIPOR2,127790.36315373122,156462.9851569711,112244.21940913523,138272.56957107698,143340.76760564867,136612.49151384056,140850.0147124903,161085.95195024653,166833.89640492472,114754.7853456413,116295.65149507273,151581.16529917225,118864.09431858092,188881.51422018715,139636.6548242944,146804.31574225167,138108.97860926503,134203.06005623704,127059.74864697925,182678.8092743466,149788.43350890107,104783.61534664108,128898.98627274172,153562.7604903707,151030.2624418161,170505.0655535203,147649.2270993977,136504.07203560258,138143.79575951086,148153.72988886767
AGT_HUMAN,AGT,96746.1301177994,81003.13544978872,0.0,97118.49546897528,91109.90665458918,87772.4449664581,101127.94324632127,79783.03294846315,97629.65980860058,0.0,89068.59240440345,87966.89910036614,76090.0584809415,84391.08440023697,80742.3629548369,103592.53234824426,85749.63404314373,85437.88715114933,104859.17998365426,88140.42424188099,96858.62485561868,84486.15687370698,94490.84757339495,0.0,108137.0667290803,92320.66937327044,72235.31351828536,82882.64020347691,73770.96007917932,96679.45971515433
AGTR1_HUMAN,AGTR1,8629.193067475637,7970.739409706446,7109.390991809744,6464.80889197156,7616.0803837924,6939.332256137011,3620.123088818007,2969.859369372474,3372.170000861835,2930.1359524270906,0.0,2703.754788418713,1090.7305968012784,1254.9499089028002,1479.2058887553535,928.0959805498906,950.6316228862358,1234.437028097458,1457.913725793151,0.0,1280.8767283309026,980.2341669870575,1196.4645336608182,1242.0166470175166,7917.7792638398705,8027.330478783104,8587.256951742529,5322.480070805485,5649.780887028485,6415.7230825431225
AKT1_HUMAN,AKT1,37838.80487974111,35232.377726076,30579.901744489303,47625.79240367703,36206.05054720507,38468.33832852047,42968.89362270392,51411.879381645034,37020.3722855235,38404.764063551236,30987.391810960045,37084.96860027852,30916.066800707038,34895.456985666104,41874.60672966145,39410.56568495336,43054.94847766268,38786.24334754277,155705.65531828714,0.0,156902.10766308545,119981.43118899317,123533.7751731337,124733.958622968,49163.354828662865,33350.63685345968,40147.49175801788,39771.067192208466,37899.664602038865,33174.64911446285
AKT1S1_HUMAN,AKT1S1,40211.59652217014,40175.4044343978,56213.00856176863,42410.62082915697,39813.10639633048,55101.46806167579,52354.51693395683,47486.32084846552,44087.11138494451,31655.202907420946,42433.84184476003,46475.16565070544,40585.75607752095,40594.3679405233,64895.018533112954,36906.54076207974,49813.09619793669,0.0,49010.104327875226,39680.42909943391,0.0,45257.29339504856,61501.88932077885,58431.29316869931,41511.383946610054,40903.394196803914,39088.07958149144,40980.43364068754,57241.79563697597,60770.95111928163
AKT2_HUMAN,AKT2,52647.84022561247,67798.14027694851,57121.32087888086,55254.378083921794,56311.96527223396,64850.44154559672,42568.32960425221,54487.060388337806,52502.26545002013,65136.89664183293,64459.73750648685,67105.52005377246,63487.87506038319,60851.70070028304,50989.84679445503,60005.14428321011,54570.03209879036,53322.025947524504,41294.69264931674,67902.51019421539,49857.566741983115,57423.23989174237,76765.58121695777,66161.92462146527,53780.0487338748,84173.05207068766,67597.14690344235,50900.44888128985,53924.52425700331,67596.01071449976
AKT3_HUMAN,AKT3,21733.48302583794,0.0,0.0,0.0,0.0,25497.271423081627,19630.220848892015,18593.431429249868,18536.692149905986,20689.19350758461,14576.381871664336,0.0,0.0,0.0,0.0,18446.658587039332,0.0,19362.691466760843,20724.646051288633,20286.19433926966,22222.17734899371,0.0,21000.031047432967,15228.20175327201,18226.9607393446,23724.259537411734,16761.275175429964,21295.59259157939,17424.82119759595,19531.3347924262
ALB_HUMAN,ALB,18813.230605586257,30898.198921040137,29757.269441123877,21288.951416205266,20344.593947875204,18614.83637774471,0.0,24491.65251862278,0.0,0.0,20505.42161000201,27943.351415944027,30084.80454675734,22696.487475600094,0.0,0.0,22426.14462100812,27109.32242255037,0.0,0.0,22696.55675826518,23950.46839596507,27707.649400397815,26124.213418729207,24549.32529045708,25053.277329942957,28237.038216025343,22496.680084827665,20399.162277235748,22565.035073201878
APOA1_HUMAN,APOA1,12122.126472328764,8092.695227662425,10959.43247662135,7732.350361902057,9166.07810373837,10081.377691651061,8619.445494131218,8290.227155796494,9702.453332104837,0.0,10736.634951106967,8347.92258587029,9815.384821367064,8349.40436038368,8955.07014024177,8927.819948208211,10565.413086911387,9956.31172596713,7669.371114139439,7340.473732147273,7636.847712824579,8036.118945168649,10663.458876197667,9331.382615106082,10733.584475973123,8087.871747259097,8727.324465156988,8516.106575021739,7216.916606684199,10903.77988175736
APOA2_HUMAN,APOA2,12970.791531531617,12670.01774323544,15958.077561801287,17817.914062932254,0.0,16482.255543135812,19178.693739868486,13952.131108681431,11860.366504115103,16573.192747673253,14474.718932203861,16771.327392455183,20332.775128691323,17929.686568622852,0.0,14048.963702519297,18040.50642044522,17944.525889388,0.0,15912.583530779577,13371.976027263001,15957.065902702514,18540.121936653122,13805.271895623135,16854.557498788705,20731.53619212942,16990.231557657367,16823.238862909806,15752.509683393131,17189.156269623676
APOA5_HUMAN,APOA5,10994.28320418274,6198.539016764137,0.0,7262.011337221743,5955.532085110071,6116.133293119285,5966.401930832085,6917.734423004013,5083.373130015929,6212.969122993794,5791.490179763927,6463.75412320368,7363.044442595032,7358.327040809576,6969.426259228019,7457.603141244432,6563.021316101678,6782.401275629432,0.0,7019.075000059139,6523.116770675887,5342.481807769103,0.0,9612.144104662762,5424.315001731725,6928.140896887071,5245.064528643951,8668.421282579035,9081.710211903457,8063.708814161836
APOB_HUMAN,APOB,0.0,76656.06385139843,70953.62690713747,64212.14893640511,78044.34199061526,90066.03936093936,84113.8705650361,76008.96724908445,101419.69588239184,64924.40885896603,69478.85945437467,90617.56028288396,59140.09605699072,64903.86198935635,77134.20000267698,86183.10818895015,86263.1293554064,94091.02338431578,85225.06161665433,68283.63259039274,74081.0429495074,73431.15152066787,88896.90742483811,87427.25344678482,73607.57219021978,61187.95482779489,80875.47243036643,62767.60032142617,66954.84594584326,80487.30083952143
APOC1_HUMAN,APOC1,13581.420584535515,11671.163681434851,0.0,0.0,0.0,14608.329051467228,11702.687777940033,12203.52638775981,13688.072325422967,0.0,0.0,12857.48112551552,16200.905727859299,0.0,9702.87153028193,0.0,12430.080349748496,12180.89573497747,0.0,13299.161753506309,14813.44687092162,0.0,14451.614960638348,11647.66965869929,9219.914510028937,13840.453483418383,11179.549004471088,10331.05790966333,13382.122846425567,13330.220131256749
APOC2_HUMAN,APOC2,0.0,10142.814158992525,0.0,6791.652778211109,0.0,0.0,0.0,11478.189769235445,7657.928110581753,10067.190730542956,9613.363633624584,7442.050940638517,8050.751888091072,9484.59578695549,10128.263509064895,7794.154591882131,0.0,7148.050297332038,10501.25571999285,0.0,8509.208151504523,7137.916506038165,8437.339850377599,8650.486789898136,9300.051021755971,6597.656012765414,9627.015432569528,8301.990916970273,10026.60567500733,9409.187353757166
APOC3_HUMAN,APOC3,25352.569247445314,29553.12698122349,0.0,0.0,26120.892653402374,0.0,0.0,0.0,0.0,0.0,0.0,0.0,0.0,0.0,25540.161044457473,0.0,41103.289553685376,0.0,0.0,0.0,0.0,30873.395429179436,0.0,0.0,32341.77194497683,29307.14128522415,38429.48114699762,35039.821838584205,29937.90741987373,24373.656801294583
APOE_HUMAN,APOE,21141.58528347524,28716.923036528908,27630.861031376986,20687.3542628317,0.0,21829.101044085717,20650.03346647765,18955.075544510157,23995.912808308,24305.240146419907,23076.858635951507,20301.5770437853,25553.520933142456,22478.30889230572,27145.31169646979,25302.16138481634,22882.546484901803,28051.662730673303,21894.967996440937,0.0,24700.580239414707,27358.361381665272,23822.00323893246,24922.74094436036,25504.880131312333,23341.08892260903,25461.36272479731,25323.085832960074,19059.837993173078,29784.478739771173
ATF4_HUMAN,ATF4,13779.00029994365,11344.573956278762,12953.837257247269,11332.08689342081,12499.639188598523,0.0,0.0,11917.989327912728,13670.081479638917,13088.807000065954,13993.320242027596,13838.917674673274,12180.951693205301,9683.271952314026,12216.779000209506,12793.220060821937,12678.327187921794,0.0,12481.39661507482,10268.467585296159,12439.257508356211,14890.882455327912,9671.144717738316,10499.524511090794,11266.479479259962,13531.874855518534,18223.397570464196,11984.874054764123,11324.389583184655,10884.860540859143
ATF6_HUMAN,ATF6,24397.021606523034,32204.738627218543,32955.1062528678,39589.858227434364,23595.28448796404,31797.997891961677,0.0,0.0,0.0,32973.685384039345,0.0,31406.206326768723,30557.198271069134,0.0,0.0,0.0,0.0,28432.16344421637,29135.290765010726,0.0,31033.887381823126,39647.97436433574,35423.67622850008,0.0,25735.017821799032,33354.05420075902,34400.64098016108,31004.77690084702,30419.85193597738,29607.8871041555
BAX_HUMAN,BAX,0.0,0.0,0.0,0.0,12235.1077191046,11993.086865097228,0.0,0.0,0.0,0.0,0.0,0.0,0.0,11388.050060240592,15678.164021509738,13605.010409046405,0.0,0.0,10099.897348339204,0.0,16016.227330864805,0.0,11701.654898783,0.0,12886.673892533618,13505.0214226849,10236.470853242488,11751.36454099767,14416.630042847166,11920.207073635904
BCL2_HUMAN,BCL2,31368.086440650095,39242.256200332224,49169.7847358351,0.0,34296.14130157948,35091.28751718889,19628.988276294007,19014.079081078195,0.0,24040.908372367045,18064.758688276357,16042.805997250895,5572.2395281741565,0.0,5356.410751260612,6084.5428255429015,5618.319321776352,5350.366019833446,5172.636012856372,6301.437552320726,5096.1638558517625,5335.080736868952,4267.765995176206,5315.655196641053,35614.513803506095,37360.72129668276,33744.52141791968,30103.589711456912,38517.06998934755,39729.43254784853
C3_HUMAN,C3,0.0,0.0,0.0,0.0,0.0,0.0,0.0,0.0,35282.36359650714,0.0,0.0,42755.15258583094,44200.3770461196,0.0,0.0,0.0,0.0,0.0,0.0,0.0,0.0,0.0,44823.86250728506,0.0,18975.852863080658,16174.017437778635,18624.361425201758,15324.70298269767,27881.72494955453,19792.376699191995
C4A_HUMAN,C4A,25249.0447431392,30447.218082201907,26263.27332430778,0.0,25857.30608602149,26852.870952081023,25821.283893049822,31024.26505889468,25049.07943647609,18670.630811293206,27466.843552274542,31501.290618957923,24408.370301083836,23186.187687432288,24814.97674206557,19183.64917527874,23277.198691491572,0.0,30212.75916119747,25339.691986231923,30287.030285103032,22180.340391750004,39453.22130248257,0.0,23255.416207541155,33124.182561061585,22989.459812693447,28342.728256535505,41557.6890354868,25117.74275829185
CAP1_HUMAN,CAP1,11180.828600528486,15048.647601270044,13502.243337430686,12986.091414318798,16137.804797663075,17403.455151188977,15895.033577376973,15744.025962582105,11898.856047114277,13791.016315480423,16857.736211776697,0.0,15971.353263533812,12998.148396907887,0.0,13012.360708637378,16753.977610880942,0.0,14998.33717385535,14533.743724443291,12357.66049980251,12165.278455829928,20523.37228613915,13151.499799493386,11163.455511502487,15582.17106249662,13781.758448822753,15121.824078449574,14854.470020503808,12408.914396079219
CASP1_HUMAN,CASP1,8214.126976616859,11065.487732407886,13326.574143879125,10534.137114017105,11541.029548291219,12497.504377610949,10199.05098262853,9913.117339129985,10231.492401884156,12706.480785959284,12009.924142889564,0.0,9227.796082755085,14815.267455252926,11262.858429265718,10742.49945252294,12343.438906474827,0.0,10974.757107634237,12328.35728464256,14963.966068032303,12190.354824337002,0.0,9531.488964987067,9512.099369033249,9919.167243141974,10183.328463722119,9268.19422756748,10690.432227052284,10921.484368483782
CASP3_HUMAN,CASP3,24068.692095100694,21745.674311031584,32297.241677573333,31448.80696185171,26817.611448930016,28308.778798507938,0.0,31342.382328523763,30640.856418298088,27595.124976848852,26343.03142472065,25127.353912918355,30530.348367869352,36890.54776888096,28600.453949107505,31762.885460562175,33452.61388679388,28009.199865896266,74839.62281848748,89497.05974165974,115041.89915050875,96123.00645961937,117021.85686469571,86995.53955831197,30700.446197042416,25266.950213663604,25467.042791219756,31308.429369313566,31100.47442551219,23004.89427087811
CASP9_HUMAN,CASP9,5091.052281089155,4620.799316025148,5052.3409695373575,5113.463681638711,4721.767583273061,5308.9213973643255,4281.024764148834,5253.938587739429,3298.4088039123217,4467.1948417088415,4160.577135728603,4604.462276705721,5651.6210373464255,5622.7112741687815,0.0,4657.008423768173,3458.8454235456015,4797.3531091393015,14214.202190969692,12735.584715830562,12732.279480507877,17725.310326900697,0.0,12829.11931990134,5198.057407873084,4921.777843884951,4520.605335284165,4108.544918925684,4649.097730369822,4429.922844690505
CAT_HUMAN,CAT,66345.66519712364,0.0,112887.75481980735,0.0,95486.13398892776,99261.11835983474,80986.41158308294,97025.58400908211,119837.51122927963,93861.47730907165,90110.63399551288,88352.7532308743,102749.62772817657,94101.64881413693,95963.24456714466,80248.57592794635,82542.14815115121,100626.99179681878,0.0,106239.04667690187,99222.24545723216,78269.54238714867,95838.86248598652,80731.47035453512,106799.29741768057,82046.52282421011,64118.11649507254,130091.87289901587,93700.75879790858,85651.102941801
CBL_HUMAN,CBL,15060.761253435036,0.0,13247.912842516065,12110.243232180985,12125.722290334352,12433.070889409759,15640.802537278068,14349.59406656683,13874.4974357841,12697.031154388858,13036.667273450425,0.0,14666.998762724326,15364.463172988573,14134.367762676944,13781.85228330206,15799.278095097168,16069.796493647038,46266.53737311947,47252.360806150806,54618.510606630385,60596.114643864734,56365.23393203327,53807.15914933367,14832.681902768936,11884.346690241748,12254.90210021441,14412.04293919272,13340.184713637147,14999.380791266874
CCL2_HUMAN,CCL2,0.0,0.0,0.0,181651.40471111424,137756.4873214038,166964.11379587176,204579.4276280131,152754.98041167427,0.0,0.0,182440.9241918094,239320.32345605968,145058.2158972937,166160.51707543968,0.0,0.0,187527.83846835638,0.0,0.0,180776.03893197796,169328.18159807957,152823.92752128857,172545.46040112618,0.0,150309.61665949356,180521.86401554153,234019.03877657617,144659.30199724346,147040.67427407193,182606.10683130022
CCR2_HUMAN,CCR2,0.0,38378.372209673056,0.0,0.0,0.0,55050.62704958267,0.0,0.0,0.0,0.0,42487.434860807094,0.0,46472.32998518085,0.0,0.0,0.0,0.0,0.0,34004.507450514124,42347.784581253174,41591.65012799603,0.0,0.0,40341.89473884535,49463.70614282708,40087.90468514864,52670.24194411006,37251.9198082901,39288.33321938073,30871.126583284138
CDKAL1_HUMAN,CDKAL1,0.0,26744.51288024938,16705.845511981606,20356.893760649487,22221.664705111332,0.0,24776.515608332465,28660.328822989082,19402.659406596475,19160.968496994814,23498.861119242487,18152.480906929322,0.0,21032.564805076832,18123.517971884394,18674.452762345867,18198.037086785014,19295.232524398143,20877.923350153553,17411.795728228135,31538.210619012756,14201.66250754036,24488.97785158395,19150.059469248205,17983.807104522155,19360.711082376838,23261.39932950799,18913.816543791225,19668.25798718587,19327.033525522842
CDKN1A_HUMAN,CDKN1A,10563.83534914874,14215.209079715754,13290.682387892499,12415.426463035987,14035.885152259305,13859.777376860848,12608.969393730997,11633.67509427433,0.0,13082.68345869815,14427.868250394878,12078.990285089913,13429.820899648521,13226.651899148956,9631.389907383054,9898.518807464596,14818.696497266154,11430.877904951187,10527.093592383013,15035.271755233434,9807.478378667236,14513.057071118903,13351.350098481742,12563.633284038333,10493.515772883753,13509.771773065035,10748.696134727015,13073.174425307387,12408.676078189927,12449.756987608327
CDKN2A_HUMAN,CDKN2A,32118.87065870793,30371.09275383898,35664.886031547656,40421.13059315724,34956.42622611817,29646.589282214627,39335.30130689052,37607.96340176784,37373.336257578485,36518.07462327761,30486.03217572604,33253.2745753539,36235.03226277118,41535.379705724605,38361.74954382105,38000.037319901916,50791.61097643298,0.0,32925.92433808115,38168.47293498584,0.0,36653.73777224777,35900.5282005699,29245.570407712446,29344.859346354227,41307.362270814396,35426.278726674944,34065.13331554593,40336.971586872685,38574.30691691971
CDKN2B_HUMAN,CDKN2B,39173.40387943351,32035.72210928411,35633.39895661025,47683.00482008116,0.0,33348.19640715216,39401.86723503451,38615.99783168514,0.0,34014.2322148431,36442.890934998475,0.0,37418.1393042214,0.0,42448.59414633909,0.0,0.0,36707.220767433435,29001.400954330664,37318.83487386627,0.0,31305.401036419684,32927.06436145863,0.0,37912.01593511436,25482.020576319836,37284.63055708169,35437.245351115875,32329.03526039056,34145.52178496748
CETP_HUMAN,CETP,29434.7526373468,35965.84393862151,31128.19647835603,32449.15688617136,29027.422331077698,0.0,23563.67820347365,32261.514443961816,21386.59126006981,0.0,28715.65699963418,35904.309062405846,0.0,44975.7415956573,42945.39824260947,30146.862649615094,40892.67077745252,37065.75228202707,35245.60180137842,29573.125013583314,32501.873309209786,35778.976798103584,40667.46694341246,29599.44284057138,34994.17393873239,27438.979340204005,38316.29271838676,36512.56537388307,35693.56625000189,35688.54791565333
CFB_HUMAN,CFB,0.0,55266.583446831995,0.0,47579.45816013481,0.0,0.0,0.0,35902.953014436804,0.0,0.0,0.0,43831.30415025923,0.0,0.0,0.0,12890.402202508387,15013.896958721773,0.0,0.0,0.0,0.0,0.0,0.0,0.0,48723.23369328681,33738.249272686655,53171.117659171374,39705.02076193127,38025.42279430308,61639.92785348617
CHUK_HUMAN,CHUK,27357.817699509982,20402.05301258245,29482.702222552758,26602.893119651995,24416.95224112402,24344.121567681876,21441.128972209408,23258.430491238378,34787.874697317,24419.739346957016,22289.150227586557,26839.523708723147,25774.51971956209,21299.173771470218,23463.65098769215,20891.607671420494,0.0,26896.55272456639,21359.364378833132,24850.32648042975,31100.363171869856,25971.316537560866,24925.059387493544,26043.58014527607,21254.95474138101,26860.851867839847,20615.210555115566,26295.349293094165,30798.566791729256,24332.09388166209
CKM_HUMAN,CKM,75640.70795660598,0.0,73371.57303558981,59575.23836886371,0.0,70723.44249688323,0.0,65760.90824094276,62235.04634616889,67987.40028404078,74196.73954495166,86588.22049364304,79391.33146419236,76141.28063382111,61247.52080145347,63076.658810707435,47497.44105707723,67485.44993852748,71372.07691492258,89802.65324407352,0.0,65618.95520084193,0.0,0.0,61891.328304524,97337.68395952939,84672.98759887068,71227.32195382219,70355.9578947669,48763.49882252649
CPT1A_HUMAN,CPT1A,10249.35986624994,9590.055406689513,11357.765239377268,9153.153576191684,8658.118504610547,12108.73651425591,5476.664475074356,6267.621558952862,6631.4444340344335,8127.890399815213,6105.900834919506,6328.670802106942,2197.4780992088517,2291.795617183662,1664.9270326998223,0.0,2363.6822034357033,1530.2919884353012,1679.903757214435,925.0954718141367,1520.2821253282968,1416.498489008869,1659.7209042662917,1594.1653705285034,10102.659568152467,11760.63000614107,9346.102579037532,8717.45877812273,7950.380431542584,10383.588339427599
CPT1B_HUMAN,CPT1B,24903.688728798097,19858.226084836086,18419.58646090091,13209.455382149516,21087.907974597438,22303.775862716295,16500.42068149268,15148.193068759476,14260.898785273588,14157.450494809817,18737.31136316538,20674.047858761307,18904.11356715797,22748.026337768206,17884.070999294654,0.0,17054.531032930885,17693.57461203978,25009.344180993507,0.0,20243.22858873231,22709.71206155793,15995.504866609763,25436.82212766436,15569.724453741084,20197.430165941834,22468.33273201765,18545.041276967724,19597.044101189946,16951.852628966117
CPT2_HUMAN,CPT2,0.0,0.0,39145.42000666801,40371.28901849485,0.0,45156.68777758027,41967.920865184955,34557.48523651997,40194.40995083628,0.0,42789.23058713196,45421.636173854815,44045.48143795662,41947.99690042729,43651.57324427916,37167.58181108569,52022.28445172498,48665.15006726067,36662.49198513765,0.0,43794.439756464904,43668.69357127967,0.0,0.0,47817.41313708025,44062.90979071813,39191.756574246036,38680.309390055045,35231.78378377061,32122.448750296033
CRP_HUMAN,CRP,10220.752362502777,12768.36207357849,0.0,0.0,11674.813097846596,10113.219658840715,0.0,7483.389766160933,11861.773436534044,0.0,11378.329088503076,0.0,10801.366133584024,0.0,0.0,0.0,0.0,0.0,11982.171341030013,0.0,0.0,7510.853668190351,0.0,0.0,9517.013720657114,10798.187361246875,10780.881096415498,13439.94436460871,10024.572794512893,8492.790301824816
CST3_HUMAN,CST3,26297.95441961719,29286.14033958844,23719.93094144988,17629.41202726778,19823.666544479223,24290.507559081336,31375.857743023636,26255.140842652134,26649.623413561247,24076.699494849814,16800.61229033136,23758.742695963378,21902.011033843428,17432.328958291535,24668.854766666926,24235.275158579072,22153.572072848572,23217.755104599106,26582.223424753895,17866.04562658874,22600.03860019054,19105.7007791321,25052.960486406217,17247.613077844588,24446.61328916102,21943.165409218673,20974.982679034147,26049.19675868076,27590.401990677943,26687.341329022893
CYP27A1_HUMAN,CYP27A1,0.0,0.0,97873.37739647004,0.0,99450.7221793345,83329.99775786327,108065.68575064359,0.0,0.0,0.0,0.0,120086.48570924842,0.0,0.0,0.0,121045.77002130492,0.0,91866.2086756589,0.0,0.0,129254.9900294372,0.0,92206.2721852387,92685.84066105458,76613.09996233853,126576.05905117915,115834.98829119731,89712.64355172215,107970.42201136162,111530.74446300055
CYP7A1_HUMAN,CYP7A1,24543.327879643577,20167.709887800087,30532.90538101606,24134.578335671227,28818.15913415309,20276.27773834101,18208.91724966992,28342.928656961038,19276.096895899325,25123.183397461453,21344.498867477247,26120.337369576162,20128.51482351046,26603.802111190635,34665.34504978338,24465.103309995877,30246.894304040336,30779.4047899559,22945.123974231028,27322.052302434877,23713.218595865066,23022.299883479216,27214.071401379566,25444.922770412748,26840.446575285,23204.89999130993,26387.113558437057,28356.404148782287,25049.549780020287,27005.678875780097
DDIT3_HUMAN,DDIT3,0.0,14669.41402373517,9536.060143299268,12453.935350818512,14182.397383335388,0.0,11240.089858663947,14719.507963191802,16080.554439402496,0.0,15298.260160584961,17485.26912575548,12523.624065997537,12236.55471728093,18002.35714432007,17270.885150986403,0.0,10739.496663849382,19563.15195966512,13919.372591788824,15310.943099664037,13665.265065420022,13064.0890457544,11145.403187317961,11561.866397947946,12141.252771031151,12188.895609499656,11239.994306574348,13201.89932844536,15613.862750273858
DGAT1_HUMAN,DGAT1,0.0,68338.49682553334,88200.18456562607,0.0,70641.87324914643,0.0,0.0,50035.58996748367,0.0,0.0,62954.921689015064,0.0,63902.99524733698,57703.26114081508,0.0,56435.44511000367,66573.2598731319,75577.26756598188,64508.75988198627,71855.21817805314,0.0,0.0,68805.74530029281,0.0,78880.46575830846,82577.23503945977,60194.06376515278,61417.97434276429,63536.43269580431,54769.98357591717
DGAT2_HUMAN,DGAT2,5987.352895431231,6514.307191942687,5531.619872928492,6153.365154558945,8034.1198566956755,6764.986643541133,6396.407084572388,6812.7281206566395,8980.570688089643,0.0,5447.471511609316,7418.116245207132,7393.562275740259,5590.211440389518,8239.3710210188,6953.587286897786,5966.186771091137,6941.566841898599,5834.42717045581,7668.744831191137,6501.048328821277,6280.619427522686,6214.694352047427,7198.069340469561,7315.630965763096,6133.377554247019,5048.518201343031,6314.286844823772,6599.017366191644,7195.096624369243
EDN1_HUMAN,EDN1,14983.636581176754,16244.585701391465,18133.633318923872,14185.721510280575,14785.961737972128,14626.803490901217,14398.17252913488,16524.828570741778,16487.88542558737,19800.405215041614,0.0,15407.27414377143,12800.522699319656,18537.106914745043,14919.819329095226,15823.540644483886,0.0,14932.006801603224,0.0,15145.414991425094,18348.2756387024,17362.916581160072,18495.463811445432,13307.82505715912,17005.45618954958,16401.292055995866,16953.208302727002,12402.40912016751,16224.901562483476,16491.17146711436
EGFR_HUMAN,EGFR,72004.53888886847,0.0,54572.72685876417,50591.57467527254,84025.51847067193,57634.80780038703,77945.4265287342,79896.08326562277,72865.68085168835,0.0,0.0,0.0,0.0,58904.78741857679,57326.39139679602,60208.355075380045,0.0,0.0,63247.30889970534,0.0,68230.5756372621,82670.53938219443,0.0,69174.1103827478,77221.56148974162,52353.90200619118,74880.29052112026,63435.049606905086,53897.42794987004,53578.37943421406
EIF4EBP1_HUMAN,EIF4EBP1,11541.73138019295,10581.70409705616,9520.434368403836,7351.24758540124,10078.368817086248,11041.715256461264,8661.511476671538,9329.421657183912,8803.10062844054,11975.377693024448,10219.258448271119,9574.286543501408,8574.106701196342,13446.905403438543,9226.343992913886,11593.076884328555,11793.99939206987,9715.858099621699,11155.81344662369,0.0,8874.055949606103,0.0,10011.492484564356,12224.924673720265,9689.19337137984,10377.688137974006,11723.465162948658,11982.4320357512,8501.155375828414,15266.985467180988
ELOVL6_HUMAN,ELOVL6,33059.46530639866,27205.055508170608,30339.620666173687,34977.93505526627,25519.124366897522,27465.91620713845,26251.204127516332,23133.68402718188,26955.685856028816,27605.602679113475,23849.444554139445,28152.830905508064,28844.290055218127,27087.222059538977,31368.983023452492,23993.58230873852,30863.377980707683,0.0,39728.24117101767,28476.733930178976,26355.69698195585,31249.507174091148,27780.510867675188,27511.781600836097,28376.870865595178,31165.409641426224,23970.17124512992,31764.48155195926,26609.336423596917,31090.885139657297
EPO_HUMAN,EPO,18043.881148291664,17308.20051041264,0.0,17452.289277901735,18708.255528769932,0.0,22835.47664579118,18809.130919112275,19754.588027512047,21793.701202961005,18205.95183665151,15865.284052358038,17611.641979941145,24060.716764964825,26447.98399909488,21739.579836061723,16904.240624264097,21627.030839414318,21801.46617102658,21942.728484632084,26669.51209666076,0.0,24878.474077373092,18545.47133112654,19670.61461433455,20679.90528859593,23293.07486180518,20523.84992041949,23009.446789662783,24077.668078793966
EPOR_HUMAN,EPOR,112472.53933074404,140189.7572456666,102613.85773520729,117653.15272222715,93806.42220194532,106361.86086576336,120549.18421948452,135345.34228186854,110273.0099155061,129389.10483703569,0.0,106046.45537047466,0.0,132849.99265697264,103009.45197325248,118951.4284769018,80570.3795709911,79058.18641337154,88356.20381121084,110877.53197353393,117406.29207611064,80782.55355361156,102115.42903895807,0.0,87473.77601861824,100562.79320828868,123041.38209081642,105710.1928244974,122612.27925523232,119603.86980187874
ERBB2_HUMAN,ERBB2,5800.8961859670035,5227.892036404404,5584.2744565107705,4554.218408409865,6421.237941905023,6990.2767709587115,4419.40714296395,0.0,5293.427545896356,4375.179057822288,0.0,4404.96442035741,7544.350509564134,7127.016068367793,5913.677533011826,4939.052379229666,6376.614321115209,5000.2995000685,4618.129199715633,3950.758838441926,4658.309103989858,6703.994466926344,6628.911060062459,5820.9040738355025,5295.4468705269965,4254.980918030381,4850.75150093192,4924.142506532018,5169.519287557336,4618.251282269819
ERN1_HUMAN,ERN1,14261.116010326232,11524.131643160365,11722.09792949874,14018.469669687496,13712.313282277886,15127.218800961147,11394.00083109474,14591.906282388341,0.0,12306.914795546914,10901.324709471268,12482.405315506436,15623.230442859942,9085.604666790528,15609.212636829961,15413.90483219079,11958.682062325537,0.0,13367.994139339557,9618.214839643779,15666.853400628986,16905.346476722556,11361.221659404784,11731.391336333127,14026.181427037893,11322.231540989022,11537.620251456174,14325.126036604497,12733.973835117908,14174.578009594548
F10_HUMAN,F10,19855.33599864639,13920.969154812576,16414.852988379076,13316.46173289356,18488.088205418375,15591.790572624506,16356.469414880354,19665.04689651343,12698.644018896528,16772.90974842331,13438.88652774265,17134.374199512426,0.0,14807.198825943095,14857.546409863282,19065.87669887698,16884.185123802254,13252.176278148614,42913.54159743802,56069.54762746257,45332.90784350445,49083.16581817846,44235.233852670885,54383.01486123507,18670.641239917502,22205.14656352727,14382.528350776709,14395.275389280467,16260.462968769229,14983.5611159754
F2_HUMAN,F2,25185.01536222979,36661.178002850516,37725.145780008104,25668.7980062729,0.0,38038.71665057313,23025.030320437043,32639.164236700493,32878.35036777582,29152.858702082412,33598.822934972464,34221.32440408999,25718.941550509855,37346.24494595041,30946.07929524557,40085.76467832016,25871.831997380126,29699.911521772963,28413.12674918564,29216.451268848785,44436.67361678624,29938.85755558639,31889.308987328055,31293.28540750081,29569.732504670217,28985.95848002666,35375.10035881693,28511.535922253926,33822.7037840988,35187.777179984216
F7_HUMAN,F7,36842.96933247843,0.0,0.0,0.0,0.0,0.0,0.0,47124.882218552135,41283.14356823558,0.0,0.0,0.0,36584.982259079385,0.0,0.0,0.0,40395.595707934546,0.0,0.0,0.0,0.0,0.0,0.0,0.0,42418.443504061324,50206.31351795545,35990.53094351024,46481.083765066236,37222.97007800876,41541.50739666924
FASN_HUMAN,FASN,43026.69573793661,35837.391816409356,0.0,40791.84051577799,40415.6880638205,0.0,42805.62655124908,33004.46787480471,30551.934908869353,33936.779126864116,44570.826409285306,30720.26068466073,38390.17114417955,32285.658917583747,47440.049920291145,27214.818664881986,27482.981454939552,26947.2235115171,32582.21963831099,35610.28124040717,27365.815997253496,24644.040540458707,31078.86729309474,40040.3564683604,25125.470339887826,29279.444093318245,38950.2871488251,32496.52747956359,33956.00585369373,27278.68656318313
FGA_HUMAN,FGA,0.0,0.0,0.0,103252.69231889016,0.0,0.0,0.0,0.0,0.0,68923.80050710012,0.0,0.0,0.0,0.0,77244.549967538,0.0,109692.88176614628,0.0,69426.03864161656,85007.97007364404,0.0,108261.19031816619,0.0,0.0,102793.81713485955,115915.38621081765,84751.37239472957,72726.70256223081,85957.35735902216,102100.33327128201
FGB_HUMAN,FGB,30075.376242604343,37111.26906229561,45703.960597062294,0.0,0.0,44596.90196056058,42945.509338556156,0.0,39012.38568092899,0.0,52001.59269357626,51702.955655759084,51028.64243189762,0.0,38475.05407165017,42912.0225483479,58053.73177236587,35297.649022874924,37526.773493731314,42229.24411671804,0.0,51732.30143963065,40465.72056738232,0.0,37274.05905648048,41611.53265193134,40447.39192828821,41598.22111943265,42105.2957082466,42601.776166951924
FGF19_HUMAN,FGF19,6542.994618779016,5747.690850872913,7616.923696857473,5436.82499354481,7093.479774392349,6571.93479912629,6140.927543683007,5740.644167420923,5826.917796577758,0.0,7938.846413782843,0.0,5189.533813220288,6947.745219932433,5733.117135083194,6149.9404708730635,7292.561268954957,5835.291826822212,6537.162926362397,6901.3171394315905,5788.714321602593,5270.640585356103,6347.00416292719,6024.758507401337,5239.13847059204,7679.044133323384,8312.60928455118,7040.481048730104,5094.331813030834,7492.193481454051
FGF21_HUMAN,FGF21,5103.899785268214,4680.675295099902,4450.132118785806,5645.375189769557,6179.750927952709,5020.125042030888,10426.26454521201,0.0,6577.686883297613,7995.111511601587,9911.079041894296,7860.000702746061,10154.996247710407,11675.491406157473,0.0,9636.85473649047,0.0,10397.891273086005,15483.008995939095,12220.764492446695,15182.858710697114,14759.30144915095,16420.68587655103,13419.445516028327,5712.606904786135,4907.370883400892,4540.130674667986,5068.043079579634,7021.655015836341,4224.210190730636
FGFR1_HUMAN,FGFR1,12486.952307122634,12985.098932794928,13400.182105104614,15461.326713803002,13256.33258551362,13034.115998254094,13811.756799794292,13131.46327152532,14580.395402651291,14077.631569008967,12863.570296736736,15298.63710096459,17761.37903097358,12108.205692199916,0.0,12191.512907520133,10205.244630989466,13922.280260213685,34266.74471733496,36728.74021254794,30822.1600443617,30218.711649959234,30177.077525394023,38249.61150849751,18129.025361399297,13369.427051635535,12596.478141307467,11938.805955740918,12792.702409827432,12213.875346715766
FGG_HUMAN,FGG,15478.60495937354,0.0,0.0,14941.715293938629,10034.768492983098,12183.40655816263,5663.9562767137795,4629.468190907065,4166.71002008841,0.0,4572.219743348602,0.0,2110.35612373675,1974.9454762839184,0.0,2248.6882317408076,1948.3625693892027,0.0,0.0,1770.0334018871442,2204.7813051736293,2220.8194410404503,1678.4985274602404,0.0,13997.987869477423,13502.944406907973,13499.005166833691,12072.37679489438,13142.013556284113,10846.551371742047
FNDC5_HUMAN,FNDC5,14596.925722256055,14438.728020535762,12550.161797677078,14101.623563540548,12092.7485635173,14677.460266906714,14743.16946555651,17514.07922753245,16196.471604997587,14178.562584641264,11481.815140121222,19153.87413704281,17075.95283880071,13686.698951579207,13788.347039061322,12173.473987820356,12615.350500523238,0.0,12267.925838931946,10694.5853817737,15902.858310355174,0.0,17795.935137959586,14015.508814974371,11862.13018188053,16561.51535069215,17370.090447791696,11588.788888217656,11131.864015246892,11453.921518132795
FOS_HUMAN,FOS,0.0,51368.622793855604,76599.43140668665,0.0,56447.58606345366,76599.58730616154,54996.657860143685,69743.18390961962,57656.491814265566,60037.89048105202,46173.11785898285,56814.181744470414,69865.58299835245,0.0,63152.073148024545,69967.77285170798,76028.92245540634,57942.6451437876,80346.66155971139,56510.703073991586,47984.15480472833,58286.350552701355,59333.03512208416,62029.77704034486,66696.68953788151,65177.34288571585,47800.150555805696,62413.08653153395,50938.810198736304,66844.65251282029
FOXO1_HUMAN,FOXO1,12246.096753123593,14246.26732886395,9572.031813279667,0.0,12802.718314473723,9618.736885178438,11750.388570219171,0.0,14089.995441363397,12999.817581775933,11521.21033925079,15879.0501944126,11609.746228429529,9067.63435161724,10750.069034141548,13726.621019135811,12125.955773388941,11452.217612176155,10584.251316587653,12117.365811625135,11309.900750366338,9786.15942229275,10576.608176831565,0.0,13816.127178955678,13459.446366446775,13150.143319454946,12499.05404199051,11341.279420715331,13467.864069997107
FOXO3_HUMAN,FOXO3,60313.925901034934,0.0,63788.28977283733,0.0,58231.76137722661,60930.187143892406,81474.84340945947,70815.37956497152,74028.1777819892,0.0,88361.723963857,0.0,78470.77664909686,0.0,59443.65271664324,64084.03375720097,65179.68371070309,70259.49644126467,0.0,55411.30294771366,81538.08791193005,62859.839387211956,0.0,52129.27913779844,82271.93691120169,71873.81380779631,65353.372024489174,68378.95002228915,95098.8268298278,69445.83289548641
FTO_HUMAN,FTO,56202.110553113875,66053.70896859617,76781.49582605434,74203.52101385567,51000.0270042783,73347.01023675092,67026.8322641877,63811.64726679855,67252.86054430921,68435.57266669713,61650.051219882596,62113.07384757728,78108.26095110134,68267.60505591155,74106.43095129846,67815.374325021,48103.32318275915,80463.11752491539,66740.42752784365,66056.34335829214,74502.10880905537,61458.87635830557,68533.46748398947,66954.62682893308,74536.72873341783,56158.5273805018,62166.24881603021,81772.81214441582,114395.93893062037,54691.961022016396
G6PC_HUMAN,G6PC,15717.515926511624,0.0,21411.833088371794,21600.82433835598,24187.591607716164,0.0,19738.05264523116,18113.060705161846,18193.18856882998,20126.271396048018,19676.64261235803,21187.81843971937,21835.2035880351,24138.60305735223,23135.060386128574,19028.76200854334,24096.50160229939,18850.83793012198,25704.979301807616,27832.86120577084,32812.52762406281,26309.767361199683,28381.097327721473,25921.93840805089,26042.764668830907,25582.330636843184,20462.69828238386,20584.785084260046,18183.65918998538,20673.213604750235
G6PC2_HUMAN,G6PC2,14401.255563127846,18981.034812942227,14668.210663624552,0.0,13459.738260884278,15898.513704579067,20728.756017282958,19598.690872492887,19999.583994022094,17944.189291291208,20383.507779089603,22323.362063348886,30073.194603109005,0.0,26534.598520406027,28188.40811814981,30276.25906694061,26561.47775749179,31427.991587331024,37515.31535378695,42283.5702769175,37311.48602031581,44005.27220894496,35620.28315451396,15483.036027338008,16970.23339342561,12421.939842766124,12323.612695872856,13411.6366909306,10492.898764040685
GAPDH_HUMAN,GAPDH,63019.13772500712,94786.12382963601,79501.47527807704,96611.2279888034,69008.5299778797,64086.63748083188,91805.60841452287,0.0,69026.27554585165,0.0,90916.85530679255,0.0,78863.99892822649,77170.81913786332,67045.63065697157,85795.36438199074,85853.92577931414,71117.25701656216,83689.10882664508,70401.29280792279,75547.39452962337,103795.78499250567,71544.16714834305,77503.72343340967,85789.59175730846,70947.65728946023,90354.71840113231,63945.39358598177,75626.53585297304,88202.09882263825
GCK_HUMAN,GCK,11296.19076293037,11862.50174758963,10095.095519646173,10024.60542152277,0.0,10085.179443313902,11848.163745260399,0.0,8030.656761432342,8719.203964238663,10594.172775979023,8233.748490862708,9101.553364951165,9662.01285910956,8396.78037531526,7795.22039090347,7751.221011160166,9683.631844245454,30258.040987129018,33711.76483599861,30259.804057831767,34250.067004558274,32670.828501146483,36443.775998445424,11954.70870759778,8242.259413963764,7895.272243466191,10665.949269122979,9960.884373736368,12875.42163173859
GCKR_HUMAN,GCKR,28984.390790029625,0.0,41949.992153659914,35459.93706597655,36713.66450455477,32001.258232126434,32822.41678912794,37578.72837189043,37634.830519556854,36256.27270354907,0.0,32830.597749210945,36726.5633542367,38404.13986238418,33421.26615100753,28315.70897997032,41674.7475019156,48615.19671571546,53355.7496460182,37748.20170268948,32605.0279657119,39901.2698524384,44778.7262739799,35204.839084975014,37585.92970627775,31819.057939090744,41880.255429413795,35460.35760819573,30330.633302912123,39996.80387123605
GGT1_HUMAN,GGT1,0.0,34001.50984840009,0.0,31070.08792878126,29130.010336857893,26312.94282786523,14220.760563348415,16647.128799727696,15213.987986890954,15052.27510089148,17709.849900701236,13140.407586541998,4731.012756777625,4019.0586468216147,6305.127753476364,5123.726453187932,4940.365465361204,4383.105219725119,3832.9536831591704,4266.302651723032,4561.327280043194,5024.728467962216,4471.349927270015,4136.635587171101,27185.41190262354,29152.79238468992,25014.10006857,27833.29499622864,34890.660189042996,27399.160354132044
GLIS3_HUMAN,GLIS3,88244.91782104537,72980.02060514243,107508.64723326113,76205.39807244939,78231.7739618632,74161.86825239638,0.0,106200.2272752169,65868.78451857426,102917.82286258576,76226.82530529231,80594.82795938276,100143.99794972874,83426.75620058333,63683.20956982486,82383.80952430678,88448.15753421957,70923.79611921778,71853.64213327586,72662.13987272234,68244.79770572548,70003.71225939112,94250.40188422136,73310.14919002276,105343.30956871933,82040.49041887061,87979.50570894466,71226.9023708801,69499.7288917657,68428.06955936823
GOT1_HUMAN,GOT1,29365.753903308036,37761.9365329468,34000.86236824864,38265.11042378503,32146.794692811203,28093.753299657237,33947.56077814746,0.0,30815.552115953258,31734.39905310149,36158.33760700001,44596.302301032716,25602.95279755644,32601.06831204749,24019.134630780132,35083.81848164325,41581.65712194611,0.0,0.0,32603.741303384042,27263.00975375337,29474.966257299446,28768.640366594205,29649.57162253439,25449.875799940033,33968.556211338386,31751.348300059824,35589.61109057035,38511.64419981123,34850.53923629022
GPT_HUMAN,GPT,0.0,24284.955605261035,27250.413258744662,29435.81592147395,24944.240537505597,0.0,17269.644465089495,26562.167038402935,23600.647821968087,17504.836949402044,18800.039774282064,19330.94462121819,0.0,19200.89920333401,22889.30151516477,23497.521038597657,23706.46066441102,22894.21599299111,20772.660152785815,25370.410938860874,19661.676972397654,21484.052415552145,19087.70013931074,26904.153707136436,18745.510185552634,26825.050398962016,26175.5289647554,25101.72954877273,22843.21537674237,23173.838562339428
GPX1_HUMAN,GPX1,57587.36719033577,46017.598335231996,70589.0713144917,72805.84720714709,64964.617411980755,60790.675308548045,79344.23271905961,124260.01364109058,92706.36540517883,108626.9778109047,96781.48527557633,95125.30496140769,180857.19202387115,141182.34308058882,0.0,163337.285835903,122256.30539175888,138665.3464179754,196224.65480430215,182603.3121242395,177436.6363521546,163930.03895691806,0.0,181922.87561435005,66742.25313371269,76033.39729041028,78840.80824565109,103050.80560224071,79516.27766826392,62941.95040207572
GSK3A_HUMAN,GSK3A,18535.94218157853,19278.24519444089,16772.70233979353,13367.401577589711,17285.15259622587,15290.827537186635,10163.962464109414,16065.699330704649,16310.497727750662,0.0,15535.691516323208,15272.360777124104,15065.869000649212,0.0,11816.057275299554,15676.064199005074,15758.680491264464,15394.806994890183,16745.737255522316,16557.406554092187,13436.549474327465,13316.760963914949,14815.580224125164,14092.958983058543,17030.741890376852,13556.015202375767,14287.275929572254,14936.85513977466,15067.40452613573,16675.938039924735
GSK3B_HUMAN,GSK3B,31163.79639380898,37118.03405213599,32378.34085418995,44513.53446935452,34165.6411329572,43590.1887825396,38347.28434400243,0.0,38479.263233773025,43713.89580882151,42824.97615498214,0.0,38265.84431039623,38192.443618020436,0.0,50417.703661485575,42345.32437192726,40021.89342489583,34764.65845900101,33926.18671808144,39016.17308787629,46801.84576366421,29574.38019289186,44645.48020080181,43665.53509361422,41610.10959195265,36614.266827498745,36362.91195134303,35292.078739157245,25059.42732170852
GYS1_HUMAN,GYS1,0.0,32173.689514212245,26410.590467055186,22056.40478091063,0.0,31640.905155523462,0.0,0.0,0.0,0.0,0.0,0.0,0.0,51430.34918914528,0.0,44713.0272341402,53323.57427331474,50470.04214054225,0.0,0.0,74574.85828268324,0.0,0.0,68393.87346321756,23037.392397784315,30791.685261573773,26400.87077501851,28326.079576684428,28974.829297958215,29125.648465489772
GYS2_HUMAN,GYS2,24303.600095622423,0.0,0.0,23838.455045446022,19948.61192480445,26266.963923800755,0.0,21609.946501490416,31584.030184725507,21805.821484520613,25068.745658338205,32009.357055865647,26314.307455199203,20103.019855197235,17865.853555099166,17585.528526389127,24399.929092203267,24432.407330568847,21507.301832867193,23569.87924338702,22301.903632998143,22508.80156019683,28237.297925525767,20819.94331131683,19471.38450950277,23868.452328314605,30990.74971568181,20151.648638751623,22228.713738476392,21358.711405265494
HIF1A_HUMAN,HIF1A,5344.673151428491,0.0,5271.5156660198545,4411.615453829555,4892.982673109541,3892.1164203342514,0.0,4724.974651660083,0.0,4468.26109697956,6041.824133402132,4830.183550799227,4633.566839626009,0.0,5165.269394334394,0.0,0.0,0.0,5905.2821609278135,0.0,0.0,5202.178759757279,6586.902472384139,5172.7757180965555,5283.220775234337,6678.562711004476,4078.0247212483223,6063.02385780887,3958.7134801606544,5899.484185868775
HMGCR_HUMAN,HMGCR,16674.072416535495,20824.772135169398,21534.563969910712,23045.796704349323,22307.14768309333,20836.862150480945,16081.005111981884,27529.49095911701,20988.059215837206,22316.17877712394,18770.95491757863,24970.344786429952,18076.446597954156,21222.463185261167,18919.12727015626,23390.381566475033,21387.856403691716,23787.51095388672,21364.50977932021,18506.074602893594,27924.069898229296,21500.004310385346,23116.203180773537,21751.815286283545,18766.09535511445,25144.396563326525,19881.734721201654,24243.86300655433,22418.402458590805,23052.994052488808
HMGCS1_HUMAN,HMGCS1,7184.114459038079,5770.01652225033,8342.059940792333,7716.651499012554,6841.679309083501,7594.00478152512,10536.502979917503,8790.027131678775,8612.228517153391,8347.509610925872,7776.99296904824,7616.179596151404,8028.135483241013,6563.221985672972,8435.605937450784,8013.915150963191,7916.538773330595,7141.012436777636,9540.279336066196,9357.986843587814,9231.466954232781,8358.302689522548,7564.515885228218,7393.63293167047,8856.920183312937,9635.087930898608,7768.050415400628,6603.967131452253,8581.877071533201,8389.472185338233
HMOX1_HUMAN,HMOX1,38016.57028651013,30032.46513132849,36901.80103938766,44310.98198444219,0.0,0.0,35948.93865368002,37833.63451332498,0.0,33488.82764175406,36863.822741200325,44209.24433361362,45022.48761811475,36052.25776628264,30543.760165985168,30623.43356080868,35673.201174135604,28894.97244701077,10021.465295410637,10454.968152854413,10066.94628751939,8837.312240193769,8897.285610812793,11463.735533748373,43553.76558156251,38089.99340305398,38603.41931212072,35934.789028503736,35710.01710555264,28852.78959757393
HNF1A_HUMAN,HNF1A,198520.87445804733,255782.80226326792,182493.8214128473,276191.40113870875,345725.25104398624,257507.7002937104,243900.72758892228,272106.43768242555,194863.52668958518,289444.51351765444,0.0,237098.41879099022,219120.73355071348,211345.77874561748,184873.681411904,220361.3033741792,238918.5424151681,0.0,213628.85239705982,245924.8940755673,191332.19228853166,224706.35681700218,286648.24514658377,208401.11411247108,308294.3754867118,190605.42283064255,172759.1845754226,252830.92638840651,245688.3943166312,309802.99759249506
HNF1B_HUMAN,HNF1B,13351.345219974542,16905.65429827111,16977.312123350894,22495.937188037376,20353.82068007834,16139.813103157976,22767.17589417443,15843.120079736602,18907.908244531256,17386.756028423082,16226.103978362684,16842.901497599847,17057.086596598354,0.0,16384.928936048498,21783.234707975786,15902.62024412368,0.0,20388.3799960092,16707.976570181567,0.0,20140.93139603427,16944.52925659852,20683.853208256493,20493.26393496573,19290.42773800111,20296.8691262179,17072.802706211853,20566.680718219086,23519.333529382144
HNF4A_HUMAN,HNF4A,52503.24375813706,0.0,0.0,44176.408717918675,0.0,0.0,0.0,42187.04592651629,0.0,67639.34541465569,59511.56506640217,55467.785743304295,0.0,60955.83352489316,45249.01536839007,0.0,58600.23065017572,53743.9312377864,188846.9908856566,0.0,243946.9347699044,0.0,161385.583455609,0.0,58590.045424113145,54868.4262625448,46728.65027502899,62772.212528577365,50469.9138670233,51667.267697342904
HSP90AA1_HUMAN,HSP90AA1,0.0,68728.97107110756,56497.58022899189,63707.872708542985,61645.367131204366,68500.26123173085,51790.315468266606,49625.285045220226,0.0,59619.38690538388,58937.65910856528,50124.95274229711,70267.4033827314,47230.15331552913,48818.51444509674,51354.05956028391,67750.68845750978,51503.88823787486,58780.63362798652,47021.44875411058,0.0,0.0,71578.71159777207,70360.39095973402,78950.01863059239,58416.63965307311,52138.37446132029,49345.5937127924,80092.79411795322,66575.37523647209
HSPA5_HUMAN,HSPA5,5985.094413933546,6565.400324537964,7333.372359645607,6528.875752271761,8576.863991146061,0.0,5422.769390403742,8723.3013028304,7795.4930306477,6072.9544117405585,0.0,5585.809665429863,6892.768536537561,6084.292404440667,6370.208658504374,6507.801650814566,6231.202643781847,7657.132485605638,5316.137517923514,0.0,7076.405028097157,6404.539907677488,5702.659093605335,4612.247387750952,8472.503147878053,5499.447219532036,7543.836274619327,5964.540372411256,7216.872929459261,5545.357631837558
ICAM1_HUMAN,ICAM1,47685.65449576636,0.0,49822.647138479,47105.9613815326,28178.792265412118,37795.250257338346,66414.4661221936,50114.868437848156,55613.85551511703,41108.62835046507,36617.93259749755,36367.191522109366,0.0,39938.169962937776,45570.59858741706,36978.18005220912,47635.347795283225,35271.72117350643,38396.494660695666,0.0,53785.48398162273,53647.94758193919,45988.67499769437,48581.51055885874,35679.31814634382,50683.86843853894,48258.906458090234,42581.35149915531,51297.57502505872,46498.61136156049
IFNG_HUMAN,IFNG,16061.136852359594,15523.856845441816,15719.42556356961,16610.19029528891,11541.304018609879,17584.177963825598,19303.36573016544,13252.764136508302,13465.415507858364,15814.302410593398,19730.511951770888,15737.236999703184,14754.820600074421,13991.31330859157,23217.43285633656,0.0,0.0,22418.04822589064,16757.99195171363,12699.261972391612,13814.887429184222,15965.867956920478,12368.229221792353,13043.935069865625,15559.349858089243,16892.611948468082,15258.276309581255,19657.34898076434,14833.441993353461,15452.245897870678
IGF2BP2_HUMAN,IGF2BP2,13802.506616505994,12091.635691298878,14948.064880258484,13497.110665820797,16454.56384495018,11417.650425277066,8006.766987356552,6684.971873999041,7031.879378191471,8043.42376798802,7516.156359181042,9967.270587154808,3677.919346409389,2703.301054785037,0.0,3053.242265124078,3073.354700404257,2874.8690190955135,2694.733898617874,1992.017596572095,2324.757183165567,1929.2756575204455,2227.4085394279296,2447.428167725433,13755.97779265394,16957.759789141888,13593.352951762225,14573.983147347322,14403.326077277188,16638.859049725314
IKBKB_HUMAN,IKBKB,0.0,0.0,43674.2975749693,44696.45677705904,44440.319004812765,41553.822020918495,47205.42557820308,56353.767183212694,0.0,0.0,0.0,0.0,43506.77780599562,45342.98073295169,48414.045640521756,50335.162143461814,44799.538468001694,70374.89311158028,60650.412576392344,0.0,43680.60808746847,0.0,56821.53079076406,52159.44605373816,42569.00846587449,45007.40630756386,42646.42860783673,53902.53395154954,63519.31871077439,60542.84950426991
IL10_HUMAN,IL10,11698.186802691675,13200.074961079108,10928.072032374119,13388.407464409807,13790.260786657662,0.0,11912.311445926298,11516.659792446802,11134.559821555098,11073.469298623435,17572.24194885426,12893.320967432765,11682.068299983659,11233.055194011307,11759.91918788929,11064.873958672692,12646.517707254214,10404.46128122829,11696.022524051701,13922.475124168906,14228.472421706736,9251.328952099118,13869.472763075548,11321.97766004269,14900.877287737318,10697.08787877473,11972.874498793602,12781.672715343351,14265.337243129226,14313.829125929022
IL13_HUMAN,IL13,11722.846694250817,11734.670649604679,15548.433754058966,12037.810834186053,17165.44803123381,14538.176013801196,11187.667650781474,15111.065578048187,0.0,12939.239315301647,12472.413645063,14846.433132138995,11675.057289148242,11793.259770564555,0.0,12252.08991912312,13613.64211113231,13820.721242766604,14801.863160008235,18117.484047146303,14690.570484722095,12373.853363712786,13629.726403773413,13203.941172313684,10936.433188607838,13898.99727325194,11102.067122499993,13648.30408180846,12665.805398127968,10509.9786250759
IL15_HUMAN,IL15,52598.67986157304,50821.12533146616,55181.94192441615,41661.158140210806,46057.55068446426,50728.96383563966,65626.63019531584,47184.18050259827,43914.845037003535,41721.51524652845,57748.44915381748,56007.47025782533,45230.004432836766,49477.30790224869,59645.825497101214,51266.392048248454,42297.49896690716,45138.435119029746,48902.6902210832,62948.52412299606,36925.345097606594,50665.36837069806,47457.58410839246,63418.710542612,52669.46970413606,46430.52637664901,46672.189446915414,46276.14038107655,50191.15775504939,51846.419319979614
IL17A_HUMAN,IL17A,0.0,0.0,84276.93451177691,0.0,75185.0600232387,59677.25377895179,0.0,75630.40479611019,74825.78178326666,94352.38092703692,74768.7980235,73787.34311355911,0.0,89649.09929595893,66039.25006309136,0.0,0.0,72734.5397813325,0.0,89238.76768895735,77359.76838632123,72309.26364935121,0.0,64849.42051599343,82539.86143672818,89726.98399211043,82688.8917931019,84407.86791245676,75635.06962857534,84578.3589973129
IL18_HUMAN,IL18,27287.155572204305,19224.717312549772,19281.638866716366,24056.503997510477,22755.319888854636,20446.956051741035,26872.317668267257,24637.977625998396,21708.422344838116,28584.189087784274,20404.97484180015,17505.204280503684,19349.822453300356,21643.75643835563,23980.145131498262,25469.841219378748,21312.665240558483,25942.66343333044,6344.670261064768,0.0,7667.925980863557,7445.800952681633,5778.744629275425,6664.001751118741,22554.914377624482,23218.14020313012,22022.998223190836,24748.648286216132,19263.938046056443,25371.22445085873
IL1B_HUMAN,IL1B,43488.5733082252,48883.67719317347,50641.360488986815,0.0,44839.175642929426,39180.94207538778,34538.96730485624,44969.944201724385,50057.576616863626,47879.63002384121,41081.45695203676,37172.293715886015,42329.91387438308,46420.44884921714,41242.31321522193,47703.73762420247,45790.15741232878,36008.85364639743,38283.769509830694,0.0,57064.06228610538,45286.745888982055,50114.575640729425,0.0,36523.328885712006,41679.50957022383,45721.811875799904,45433.213572971545,41743.55549061882,51904.441548283234
IL1R1_HUMAN,IL1R1,5764.230613366711,4827.352633991596,7699.708781929895,5970.814695344005,5192.32734823184,5491.391913399497,8347.993774731634,6220.264480361564,7531.187285327398,8930.222812949314,8653.738092194866,9001.741656585147,11554.296971765545,15317.177648154611,0.0,0.0,10612.06973990215,10336.80114891364,21852.07282953826,13496.174464544192,13925.236261484528,16878.98351214046,12960.673718894814,18454.223877876746,5678.3295189053115,5062.718453345695,5735.854854657955,5521.991375906661,5943.500532257633,4881.247751023031
IL4_HUMAN,IL4,18914.034013654546,0.0,0.0,0.0,19058.336553001565,0.0,17809.16227875977,0.0,0.0,0.0,0.0,19932.667498813833,0.0,0.0,0.0,0.0,0.0,18542.676395191884,0.0,0.0,0.0,0.0,19585.715075264136,0.0,21630.372256578125,21530.251502128645,16200.007235155741,28440.910242408852,23296.868449315163,19909.804042944827
IL6_HUMAN,IL6,35995.07405188996,35365.92419483724,41171.17523389923,33227.432819952424,31638.87891383566,34457.3231830686,27581.947887968454,0.0,34154.69436578345,39000.070573608595,25728.249795273314,29784.468489467,30878.27596757682,36715.689425700446,0.0,36598.23219161479,33611.75230640616,35764.82765264321,39165.68093646106,37145.214676430274,31954.908345071428,26813.165703940453,45502.33021162732,25132.797028224726,44501.88150608146,34466.31007522275,37831.2458338094,37016.25361103549,36237.30740885079,37344.27957601725
IL6R_HUMAN,IL6R,8523.589072453362,10123.412574693188,7306.037771828159,0.0,7286.245909070807,8490.016384140445,0.0,12211.272132828568,10335.239604831462,6877.135610352133,9875.8420320839,8698.173190961557,9563.759354182326,0.0,10095.795395188381,9130.499951918242,7498.046817141538,7769.193420236729,9265.592593668875,10285.527752336255,9667.273313614149,8279.924219895785,10722.41161476491,8125.039476438192,9237.829989735614,11546.83236776504,8261.8786730111,9147.288200464143,10056.157043140855,6947.538167694428
INS_HUMAN,INS,42801.85937238337,43095.86017433275,32076.00031837601,43537.38666406404,32340.756770903332,0.0,42608.18803204687,34814.441718840564,31059.66083258898,55379.26115344519,42338.877899410414,54499.16568548958,32680.6724827127,43904.02069265232,45338.033586486796,0.0,34542.45909166793,42507.78001743844,40110.18174087785,50610.055193671535,39414.96303364894,41623.67445850129,42756.91930057058,52511.459453845346,46132.11551041043,46597.21891090804,34669.31256782947,57121.15346168472,34241.510298924666,42730.663902515866
INSIG1_HUMAN,INSIG1,23871.182207545848,0.0,0.0,0.0,27607.450977048564,32144.20005843518,0.0,21060.19950282011,22656.77150423483,29375.503960151877,0.0,32339.786137923118,23978.284260447126,0.0,0.0,25337.80900814254,0.0,0.0,22915.137087640454,0.0,0.0,26623.994782606846,34701.754128684915,30582.077557727614,34199.02871898063,28076.29425761985,36247.82986167931,20313.747042668092,23911.600149204558,25793.830978164577
INSIG2_HUMAN,INSIG2,26487.508374221274,27625.815429382452,31486.58923071486,30654.74803369036,33475.641798008925,28322.43966794834,41035.22223203022,38762.71865525305,49889.74852870126,51216.11280899106,50556.41401869157,35531.43262438944,62837.402721845676,64241.54914460736,0.0,57605.97422687351,72207.80896387184,66849.32883495011,77470.12775685493,66801.70354298809,49103.22407253904,0.0,74812.23094075879,80452.63563709207,31547.572851813868,29411.08912312984,30545.702479094507,26577.890225058414,36048.88157869818,39015.3981652392
INSR_HUMAN,INSR,81761.30806493184,64731.48781530531,53189.98075425512,86031.08869893792,68192.39434994925,61160.79966865073,73779.97834529338,83827.26212323118,77258.06126787541,77949.70568323217,96441.88310349069,73302.88333562427,0.0,77090.96234342792,67345.3790699288,77974.98705812471,99091.47235595265,74529.22093466274,76637.84759018804,0.0,59424.849591747065,81106.14636835291,54905.32189425232,82642.68546624668,75241.6972878262,84707.33353189197,53299.21586645847,81601.39388306031,88205.58140667217,68683.90714971314
IRS1_HUMAN,IRS1,73653.42260889671,0.0,0.0,113320.71130391206,77275.74993322007,88028.30088351623,75251.50626989373,66449.01323264877,77468.16202096669,70600.32278592366,72134.53535972169,68422.31721781426,84031.52806325609,88100.5504491705,75161.57127207323,116523.28624293221,68583.17421181123,59546.81461871808,74101.09776597074,74567.73954418465,65533.02031240801,101809.73472115585,82925.28710932896,89524.6082566953,60612.62846955733,100495.6166449967,61786.49855798265,84765.09360274339,67877.40133937352,83825.29377635491
IRS2_HUMAN,IRS2,6679.8683226686135,7941.80468562199,0.0,5880.246161817885,6307.181447950183,5560.794648071304,7566.889739848227,6481.063760140468,7214.365037322641,7866.187664116553,5384.854091262543,7273.650032968325,5907.282390100431,6171.322746164168,6586.866404412563,5566.108649429424,5184.702277441761,6381.140171247369,6465.496603307033,7590.071404687443,6109.372227804365,5599.804069592461,6510.043045993992,5624.425432072384,7887.0871654795,6388.848037148038,7068.817961594385,6009.613865054718,6759.6016311282265,6840.911900090806
IRS4_HUMAN,IRS4,11434.365581619546,12724.306605990363,11641.347920345526,11516.64699901843,12120.782683451649,9587.304007867093,13280.519234958789,10528.302354035235,12027.321655166867,12843.177530909412,14070.582300411335,11950.387340109728,13182.171113141912,10925.642913069683,11858.25463097791,11961.587047816474,13929.765616504224,13326.894849026994,14152.446610774145,11805.779481505331,7881.375351531188,8329.179380326332,0.0,11681.429828217055,8707.320458153958,12088.334481816491,14325.278431610282,9995.674224827788,10215.336495369684,11452.435551121567
JUN_HUMAN,JUN,35784.825617877395,39338.89614313443,45582.93690637334,32541.326649138387,45375.770808927075,46057.89993327409,60233.693372653404,74699.7564913155,48425.794800479336,63949.74276518172,49317.12580600896,58583.906516940355,0.0,89260.052000488,95344.13251082179,79323.29549829931,88806.22013896612,82942.46154828368,115454.69476058609,107686.45607891619,106299.75665170474,151733.9001514889,0.0,108314.80701261881,30597.315122559226,36855.545496016355,28703.849220226577,53654.0636577877,45298.28653201338,29111.59703743269
KCNJ11_HUMAN,KCNJ11,18330.785512386683,18643.108720887405,14281.539106002829,18460.15406723825,15053.566145911149,14335.949132304839,14830.990750450166,21321.862154391285,17269.632972077885,19824.849694081186,0.0,15351.922472189102,13168.884555475744,14836.416666447176,15884.654928431197,15261.184733331198,14316.072001426382,14555.46375689153,3599.1823721221635,4029.9873847984186,4943.071121368352,4160.707841715609,4133.75696011229,3858.1420432203818,17480.017917205372,17928.196431334945,15736.234739654326,16468.18544632803,19347.41396260043,16983.696529587916
KCNQ1_HUMAN,KCNQ1,162251.51432979503,171277.85180271385,178034.07056323736,161660.32014822832,148499.97902833237,158340.6813458246,189048.0980234586,167839.8909103853,123077.665224406,0.0,154376.38180926372,147823.226264369,187766.91278221598,184530.8799304278,153491.60235477923,0.0,122252.41660129899,148588.50260732364,147421.40121171373,128173.62528337471,197763.2945105319,147495.07655042488,185341.18989622212,124467.91144637283,153253.3363072329,167153.54483148878,154572.16833747507,152003.39653373454,253869.9660328626,200312.0697772665
KLB_HUMAN,KLB,0.0,60276.4678194252,75777.62346611342,61248.58649838026,76592.98045821431,47697.80304022698,0.0,0.0,83482.38778769199,0.0,120139.68534102524,121062.31936857522,0.0,0.0,0.0,0.0,0.0,161012.7584223774,0.0,257653.53442358776,190780.63111868966,170950.73664425526,0.0,169293.74603235393,73785.02695460065,73751.23546701236,57753.3959292458,56807.210488166325,70640.46050463874,65022.052627205514
LCN2_HUMAN,LCN2,11041.328405365704,10731.877626326328,11424.034841931629,10447.765204237812,10063.316495558258,9050.14073752604,10321.231019865161,10498.695272844223,7174.966213247052,9193.786118727367,11362.602955597273,11242.890267224013,12868.183447809086,7513.686535982836,10308.922793985168,9719.613683179237,10797.805365494727,9738.65930969307,10395.463782594175,9131.950733017815,9888.225063665099,11624.936150491953,7198.699948886454,9604.562936935456,7438.867955206553,11023.885034010407,7703.300777327367,11123.572608772522,11563.891470801947,8713.87834832472
LDLR_HUMAN,LDLR,8654.343110285521,10920.28017717357,10097.151867317198,11953.896233749883,10346.518393193992,0.0,9997.692550180696,9347.569080425304,10120.237294557102,8016.364997960805,0.0,14921.929527255495,8601.86671591152,9101.904844274384,9173.536954944178,11815.529332043323,12853.891409509642,0.0,7594.172299201249,11361.568412774855,11984.94276579518,10233.833493580581,9740.33295842725,9893.146223939415,11679.911236643315,11112.994205129677,10498.465453854842,7936.308609037663,11235.893921246003,10689.5208274073
LDLRAP1_HUMAN,LDLRAP1,5365.9688300590005,6194.082358809979,6651.384302889406,4379.989080451244,6582.67712821279,6529.453345712558,7469.632735186369,6620.415680145676,6772.917542227799,6101.843267946479,6171.789621409386,5409.9329205646745,5360.772277469673,6081.55750903507,5638.033458837189,0.0,6435.73463159943,5824.942176823659,7009.679922947724,6342.374814753981,7274.242333220586,4376.3509981602165,6848.363761629061,8098.893896584079,5447.775187953172,5016.127932036921,6561.695425192362,5668.930705249806,6783.045166838178,4420.552433987478
LEP_HUMAN,LEP,33010.7745669978,31269.372247126597,36561.761917693046,28987.49253338159,26739.50549333247,33665.48607980105,30712.74263292604,0.0,32359.08683288533,37722.90834875047,40068.200353778666,36748.83448553323,30335.09075283965,37674.011208408396,37465.06392389307,27661.64644196164,27415.819376424137,34477.15924524354,28176.148523015054,0.0,22222.30095399899,26146.82454789941,28685.965482269363,36178.19339122961,31157.503475376074,35878.93921555009,35707.36276245796,34802.056841365076,26729.319464085478,35055.09358468176
LEPR_HUMAN,LEPR,12609.436836486966,14043.120280456807,10845.657081595667,11074.864414005631,8200.889534699803,15557.426458894277,10420.821570781081,0.0,14140.57527553307,11077.65925258601,12129.04014391922,0.0,11788.08428619418,12714.984293106496,11581.153953011742,11168.96016553,14161.454694070486,9971.216161551896,12152.878166059862,10785.428965236357,11194.003353417287,13508.470458012185,13029.225518850071,11817.3164092681,8955.245401690712,11927.987931794685,9988.803508525989,12169.933398184327,11033.00999149712,9143.808832559253
LIPC_HUMAN,LIPC,10766.37321936476,11809.406830610964,16416.943651531248,8391.644815407153,14072.223096398873,0.0,12282.663331030051,0.0,10002.357155443653,13620.609460562995,10906.018332801323,0.0,0.0,9124.275795586645,12211.14851804,10908.09674835675,9831.219203941371,12537.777372816063,0.0,4160.391765554413,0.0,2820.246089305373,3039.968789685369,0.0,11695.757102857773,8356.852795161505,12408.373221002294,11630.673188241082,10843.430397960612,7804.121140254167
LIPE_HUMAN,LIPE,5348.331578505815,7548.947048674182,5466.431344112221,6299.285961280032,5674.482415645671,7444.067469700987,6676.595744290195,5408.376082949577,0.0,6251.851827028833,6310.442338253221,0.0,5860.3414641930885,6195.863704502978,6205.134903235646,7630.558575522724,5995.839450135084,5726.280815760997,8778.464599809688,4964.565665104779,6419.693786081084,6818.599741741549,4675.344669996912,5788.431794322213,5641.367968109152,7260.86979891702,5828.913015606936,6022.512685720677,5496.9264677999345,5200.060323929411
LIPG_HUMAN,LIPG,58238.2944582738,46944.02062108681,0.0,49491.85810056487,49003.166760545406,48091.48392264351,50322.928907459755,65083.686562788615,64914.34416289189,52669.22622799766,63830.07350196404,54906.661732931614,56283.754216402,46939.91242242768,54779.21181110575,48592.03831077862,52783.37860088023,57864.8073056407,54743.09956928786,54737.61750755101,50714.91579973711,44212.81489528817,57162.98108715018,0.0,62312.95913035555,51268.77684079938,54539.109496547666,46236.67693384585,45820.77036429402,61149.93310970808
LPL_HUMAN,LPL,12336.174172720692,0.0,0.0,0.0,0.0,0.0,0.0,9981.852043769291,0.0,10038.550648853221,11320.287166866316,10938.815527477149,0.0,0.0,8932.144756638283,0.0,7796.870594228287,0.0,0.0,0.0,0.0,0.0,11109.169112624344,0.0,10494.96646201988,11125.552049775668,11158.359732088698,9954.476497741942,8564.385755198115,8790.92565737086
MC4R_HUMAN,MC4R,9074.901109246937,11102.018143039684,8808.143090083315,10387.572220910217,8039.091903522117,8417.387287002623,0.0,5878.363824394445,5049.134890118919,5986.880782109498,4431.610266398224,7107.793465477664,1464.0904487379435,1700.2070061722716,1483.6525721383969,1770.204501060262,1627.5690851647262,1434.0738590241642,1037.9596984467682,1699.1978808341375,1149.4355608861422,1774.538232848914,0.0,1650.6857215587188,9499.712740855832,7647.452391710241,8302.99646256471,8520.737610627148,8305.273548730791,8293.473057392494
MDM2_HUMAN,MDM2,3091.140504810731,4925.291611772269,3973.5870640946882,3317.8305276196074,2864.7011553135303,3207.6439754844228,3289.491676505768,4015.2311158641446,3104.9910434885946,3126.9636941482986,3994.378069023764,3363.224406546421,3994.324813995334,3419.849996586144,3423.2962675373287,0.0,3947.8280150287187,3295.228039906068,3987.472657672813,3071.452778253484,3395.2816809742217,2919.876857502239,4012.031312653312,2920.580124423063,3308.865774919144,3587.947576357878,3648.6405149144134,3494.9247717707694,3805.863017087259,4131.950134420034
MGLL_HUMAN,MGLL,27857.60247324383,36070.02427610685,34632.314963562916,31060.23575914633,33661.29677247665,26409.159000490752,26122.123123668105,35947.78675851148,32231.270912304684,33399.167459251374,26846.198034856792,39494.58291527011,35322.943176378474,29376.037795245204,28721.618981403783,26400.50278886921,32638.314344408955,31937.294942571993,26814.70681281459,30203.340935417284,40204.94671924465,25216.08990740912,0.0,31210.976494802737,35853.01108673066,24576.749196871322,30581.35260541519,36407.4023331444,41881.900867739576,31286.492110180207
MSTN_HUMAN,MSTN,23309.829092495256,28042.989885181712,23430.810786846454,32946.58230261712,29846.664795920486,25056.58999294424,30441.700000167264,19982.98097308502,24420.799502443777,30153.095265381377,25993.665248641562,27144.964034245033,36405.247186762186,27478.97416931824,30005.56632981537,22822.655471370104,28076.129364881337,34675.752344169116,26857.29548359809,28095.5840413675,26800.93713816358,25022.57405837977,27989.47741547918,34595.975714867534,25981.639299858136,30473.325830643847,29810.57161955925,34836.03326681064,25079.647932480602,20772.517691877154
MTOR_HUMAN,MTOR,58341.11843053812,50837.739351684795,46095.95695781914,46115.21490359459,0.0,46909.83085478563,56242.58123601404,45818.15502129281,41758.02996226388,0.0,50570.2779611522,34288.16153618581,41372.87585421547,40945.862142357764,46388.450044737205,44216.28776900717,60439.54141179476,44965.42889169293,39637.28221196468,39297.31902398224,47088.8434481541,49508.13992405223,51052.86842908248,51306.32388567147,46226.42446356995,43363.46760893745,51220.87260838872,44079.521442022844,54336.293767451716,52008.96654844691
MYC_HUMAN,MYC,0.0,79461.19418227172,0.0,0.0,0.0,0.0,0.0,89583.53798192833,0.0,0.0,0.0,0.0,0.0,0.0,91586.04868020903,0.0,81598.95097532586,85828.62958012459,0.0,0.0,0.0,0.0,79022.19509030732,0.0,98009.79864101775,77888.23242807195,79649.55174538495,101314.75482571915,74926.91559018318,115729.2068046294
MYD88_HUMAN,MYD88,30982.646775570116,21260.186013758048,28670.905442112497,29272.057364816636,21947.651618247473,31018.27880139299,11664.821568762709,11957.663008880192,17515.703889617205,0.0,14977.851297903551,12549.920559350649,4103.8333297915,4471.7529541658105,3473.0750281262176,5006.674472766105,5585.578830758518,3914.2069648699508,4245.269149265124,4946.235994864958,4738.1456119989125,0.0,4540.939590983852,3137.43005077539,32478.494504041486,24041.1291286339,27798.999416817263,36015.77640632287,30371.16645610483,34761.98012425788
MYOD1_HUMAN,MYOD1,13935.023684072014,13630.393744434723,14822.084425855295,15804.805756386542,0.0,14992.830189320319,0.0,0.0,12657.425381179726,14541.83197729869,0.0,0.0,14973.857543914803,20207.544051753008,15057.992611352302,14448.82231462878,11281.735014976442,15198.546022791927,17387.866511707005,16896.49348160439,14029.788340845571,22174.73295557997,11525.115089109511,0.0,17586.756920787077,13965.255019351656,14545.71244763985,14140.006146989865,14599.852244440446,16678.925009620973
NAMPT_HUMAN,NAMPT,0.0,5600.795851868126,0.0,4432.511780944518,0.0,6427.828440292446,0.0,4287.184735802386,0.0,0.0,4391.922242788623,4940.599651795628,4517.717638933078,3886.106249710935,3622.2173495397815,4674.031510782932,0.0,5668.0543929842315,0.0,0.0,4899.319061914074,0.0,3761.322264258863,0.0,4001.4556447332643,4095.3829016989603,4142.753094492398,4194.786441333022,3541.835491967797,3749.978610247519
NFE2L2_HUMAN,NFE2L2,0.0,21304.365196606333,0.0,28414.5073093363,25071.578627816536,21354.76894012341,20969.07919484397,13151.372096086876,13528.85048863586,14263.309774809813,12579.01231429273,15267.9033716376,5367.078818736332,3990.1484151821855,0.0,4394.556163826786,2943.7820261413904,3865.2871278447137,3846.4232756306847,3486.4362304838914,2999.259897337197,3478.5896150358244,3048.5086830155474,4414.404861515875,22087.649667583097,26308.437033400267,22848.277130478786,24808.11072929401,27715.868098249695,23471.863789157895
NFKB1_HUMAN,NFKB1,0.0,27864.665015550534,0.0,0.0,0.0,31758.99817864291,0.0,0.0,0.0,0.0,32770.22206291036,36691.78681730443,0.0,0.0,0.0,0.0,33477.39062493491,0.0,0.0,0.0,0.0,0.0,0.0,0.0,36271.48389150792,20646.116753635713,31119.510104980927,29604.93190024571,33610.681394735555,42601.53412279932
NFKB2_HUMAN,NFKB2,31025.384470386103,31516.67407160511,31877.222206249324,22437.28169614549,32678.192608832975,29352.0209984281,24434.966003083144,39935.011947697334,28830.27586797372,23052.930780322436,26814.972285088425,28396.867226742503,0.0,27289.116488884283,31575.295930619315,25295.699546651274,28905.340801035672,26942.563857213278,21134.0858771869,32390.126940950944,24720.21258971149,23555.09739026918,30254.083547095837,30190.578106524223,29972.352221615725,29244.519488852897,33088.396301632245,22012.21623516304,29527.45951802116,31477.647290940775
NLRP3_HUMAN,NLRP3,2144.263197459787,3069.4472097478015,2601.2980224743083,2724.587664204228,2988.382054979306,3386.476752652495,6404.104951917883,0.0,3681.925420576913,6815.123600205737,0.0,5096.165121385424,0.0,8088.726855168444,0.0,7285.090765149346,0.0,7530.993669250876,0.0,8162.615784200584,10105.523963519707,7120.881223079712,7807.182019147137,0.0,3886.7651004766226,3523.0933794159796,2663.963498539273,3519.9845818668305,3130.5561654053727,3838.034906984733
NOS2_HUMAN,NOS2,72902.97347159739,86784.40328104382,47924.48552405753,72333.02248692438,73357.35031113072,66001.81073139003,92316.7463300815,125514.34103936034,114780.2927283557,143214.87679304022,96499.8757241969,131990.85754005561,125605.51558687555,132668.85935804105,202623.08067900586,145144.19476761445,147499.7273526502,147904.05670516522,305458.9856539324,198901.32156465267,210143.88404241094,0.0,148553.98771375412,182065.4755042361,73673.6259460451,94678.1460523444,91826.08195609854,86068.01320931816,76474.54161291494,56952.87701395054
NOS3_HUMAN,NOS3,41641.38524824823,37538.83210299329,38110.625369907895,0.0,61855.142255138766,39745.9176065536,32832.543507925395,44448.205648083975,0.0,39358.73295304359,34735.4370660077,37288.45373152842,39016.75157816365,51719.146788784084,41359.37225829887,39424.588315847104,35354.80373601458,46911.90373356818,40360.05631005652,34912.659519998,48551.665810118626,40694.47640083986,43080.916266694854,44742.46941510255,45894.27827299092,40381.55697637514,44523.779660081374,49871.3530348815,50962.80388271792,33660.90778782312
NPPA_HUMAN,NPPA,0.0,0.0,21755.76948905795,0.0,14678.58154093512,0.0,0.0,0.0,18257.589931246162,0.0,0.0,16572.878769434665,18477.114558302284,0.0,0.0,0.0,0.0,0.0,0.0,13065.725369840839,0.0,0.0,0.0,0.0,14224.503989678664,13648.453058695422,16287.093744415657,15177.431856832602,15637.981076278968,13388.695418353072
NPPB_HUMAN,NPPB,12631.845962366235,14259.795467446887,15867.970803276074,17208.91396555035,21592.990948942108,13350.7551139579,13711.858723883273,23339.104303850956,14805.235090422488,18937.705671094256,14541.518131080995,15400.170389800505,15090.471031490306,0.0,16732.605945134004,16062.163984321678,15980.686774662016,14103.294161747966,17589.48263854936,22985.795994391607,15840.974721571576,0.0,19679.49275057925,0.0,13070.395945922775,15735.427369184285,18534.802690496213,14562.94388347604,15428.271692147853,17310.964825810915
NR0B2_HUMAN,NR0B2,0.0,3083.8899665632157,3926.3931654017274,2814.138159841223,2896.1205271474723,2832.5038107423757,3567.1513800744133,2993.850598942345,3717.166424306098,3475.507844004213,0.0,3572.2146979968993,0.0,2821.395560384583,4114.209693177393,4073.836284554068,0.0,0.0,2693.064732419498,3204.115040651151,2756.4723854732756,3303.309342282114,3126.974354927009,0.0,3468.3165933041605,2901.4080778430043,3388.9056199157,2937.3830699677937,3248.691224078249,3746.706632664424
NR1H3_HUMAN,NR1H3,32411.22706223249,41257.309667310314,32472.32972361192,31560.929600706368,38464.283617309164,33251.6754288734,46126.13242835684,45549.12880058816,0.0,41339.401378669245,56664.880442225134,54987.41528241194,68886.16572796679,0.0,90858.12314191868,39184.50570953242,84195.81764361406,56362.45484641636,101394.64896764478,67504.52661119809,76354.03615230559,89292.46273051832,0.0,81225.70428039342,27561.819515611653,27886.410527262287,29107.438115523266,32474.695309747236,33355.34428854893,32074.671606510365
NR1H4_HUMAN,NR1H4,18238.00434952576,12868.626367171726,13361.448761378726,14828.364879941626,15215.3570726268,12862.445663811992,14272.31812773897,13031.541415522704,12947.744854766632,17412.049005743895,15695.303387118,15598.515963859276,17667.546866549084,17088.566629650166,16138.280809235077,9519.689313431249,0.0,18403.254922330638,14768.584337204162,15056.060869662506,18389.678101505473,16854.40520820101,18888.73674035969,13606.180168877476,18298.308007477946,16964.115421102517,12331.660852504461,17392.91882275246,16556.88597491073,12749.100634393175
PCK1_HUMAN,PCK1,0.0,0.0,0.0,6118.4062726311295,0.0,6986.955888340996,0.0,0.0,6605.773204912247,0.0,0.0,5816.828362495215,6288.596679340225,0.0,8577.200777292472,0.0,0.0,7854.872863331459,0.0,0.0,6125.941672642211,0.0,0.0,0.0,6343.683158412682,4861.453166879912,6416.805970983771,8159.506391169216,6259.806020218301,8397.130070783742
PCK2_HUMAN,PCK2,175498.52895178983,187678.21563498062,189696.4804965769,149782.0989648694,116337.86642521575,0.0,145107.26848535775,171919.3302341558,124780.08901218679,215171.81435231862,111654.74164368561,176880.72448931015,166196.31444119668,161035.20152951733,134941.36565836615,132270.833896131,133232.58506605626,170946.83592362347,174286.80800496013,127234.61968286293,160201.39049101056,165916.98624936133,143971.80932588974,130569.7722205123,134210.46437024817,151358.77225525392,111234.5130359729,151080.87120986174,119544.99628983013,186376.5515958936
PCSK9_HUMAN,PCSK9,115340.97520258458,109170.61550230162,91365.23317432324,107825.31186872863,0.0,149716.52708134722,108756.67225307203,133556.90587567686,106138.4025915957,100824.94950863523,103732.48876615976,108334.0387499956,0.0,0.0,117195.18863137603,0.0,99494.70746897408,91229.80030028452,93047.13525853005,104013.62062649649,81414.04702563408,75548.76391896674,118926.26338948017,98821.26962916738,92254.22778575972,107556.00688545806,82565.19334310514,113807.23009085745,93706.42043374969,81595.27025071553
PDPK1_HUMAN,PDPK1,49699.85552165441,0.0,0.0,43013.649037797804,0.0,0.0,52527.88343873021,0.0,0.0,0.0,0.0,40346.89893913124,0.0,42552.260062393,0.0,0.0,0.0,37079.95684258922,0.0,0.0,0.0,0.0,0.0,45665.71288480924,46633.8794942029,71742.73517436866,48955.308735046776,56141.90099418804,42974.84749363608,42710.31081185816
PIK3CA_HUMAN,PIK3CA,21322.556879076452,20795.029383355617,24720.145901588086,20260.4470502954,23800.570318981852,22481.893898566927,18896.166319316795,23149.43100543074,19535.359255879343,22618.9826000694,17529.297177545206,0.0,16614.232893579036,22318.57407562274,32800.30588574808,19770.99522442287,0.0,24243.18115671948,20940.653849956376,23793.106631547038,16760.796587677803,24367.310483926252,25222.75478147694,18111.870063395352,22772.019664578387,16691.8917570532,27483.3792461524,17507.297869109247,17524.890842382854,20823.139460176604
PIK3CB_HUMAN,PIK3CB,0.0,5609.389783464945,0.0,0.0,0.0,0.0,0.0,0.0,0.0,5602.505482270201,0.0,0.0,0.0,0.0,0.0,0.0,0.0,6189.35955706953,0.0,0.0,0.0,5727.0111096894725,0.0,0.0,7209.696157386848,7843.229823775218,7507.226392029412,6449.546201787176,5898.165675841136,8411.65775958661
PIK3R1_HUMAN,PIK3R1,28821.738935863545,26081.30385793192,25273.84028209059,27049.708479832796,18633.01108426955,24292.26043592188,21130.385973779543,18072.250138721993,21478.59722536911,19784.372590199022,0.0,19467.110506866386,29824.678012946617,20625.53032317888,28673.502320732005,20762.26637152235,20134.016438896786,17913.796560527673,18692.893516608892,21203.86983291779,20433.130551990977,17917.73911797932,25024.651289351328,26054.039390518876,19277.27995541949,21531.530202678947,27430.69734304363,24426.156241171935,19064.518101075286,19792.322264570485
PIK3R2_HUMAN,PIK3R2,31564.43882892114,39084.158272322464,42836.85575958655,28457.629404939034,50181.76924610436,29701.663674530373,32151.933621371063,26543.749747380185,30767.8280155495,33218.30573920682,39164.2340618484,29554.18567883833,33424.96918024587,27554.575768280352,36734.53079829387,31862.55375199846,0.0,34853.8959170143,43296.95674308707,29895.361201992662,37570.12658413549,24406.64531453064,37625.59669338349,38976.96182649326,33240.53063769278,31875.330992128434,26680.527857384255,38884.891666922136,31230.575054168978,43593.39293438817
PLAT_HUMAN,PLAT,19168.018482005777,17517.011744413423,0.0,15440.060405300155,0.0,16273.627773152974,17081.535384868723,20808.42153557544,19134.43006811828,0.0,22626.102918470744,18597.259863429703,23169.491042898386,28087.676278011284,14117.383771847726,20107.609887681614,13400.630508080283,21940.272224943634,17878.12703662407,18379.772843935487,19232.442927020475,26957.304067278463,17983.936184688042,16902.16150206676,25341.641820031266,19414.030133929933,20721.84559168575,22373.844191059,13963.873819113249,13659.510641224733
PLAU_HUMAN,PLAU,26690.6328173945,17257.95255111589,27605.8201889387,23154.7091784285,20117.136733927382,21197.6696682434,19447.682820392907,22464.748185253164,23129.71563630795,0.0,21580.371267344384,18430.172468628512,17594.8367073118,17211.750284416925,23391.317561053937,21232.568205163818,15150.14879333971,19897.708646884876,20771.70990231542,19862.659696727133,27487.828421267197,19321.10025295396,24303.16151062306,21409.494756833417,22112.928944865413,22414.14307962849,19603.327804156754,24288.31067099839,19936.023528732087,18812.805532685037
PLIN1_HUMAN,PLIN1,18642.591720634646,29405.69296291133,21478.370898982874,24749.692713868724,29533.851064377686,23237.258037600972,24791.242133016516,25275.052293350233,26078.31640210293,34455.554954892556,29473.880356216374,0.0,19413.87251543565,28771.7661739317,21465.637033614,25369.939401349704,25572.961635412314,25781.993651945566,29515.290333000317,29760.413752143642,25840.650743978706,22705.895893010464,19240.399893320908,23153.362556826847,32599.545291538412,24614.755644437264,22785.549849237283,26289.092327314087,28500.243492938644,26980.30027933072
PLIN2_HUMAN,PLIN2,6956.130605951557,4946.952116782697,6718.655974630443,7974.040892444398,9034.87258722646,5478.614711411491,5445.766868436626,6103.837898277719,8641.920963714812,0.0,6181.961974048544,6633.248417657013,6531.421387063804,5816.194161522583,5789.746424035619,7874.315225487233,0.0,6506.634863710575,7833.084307671819,7302.902601760217,5869.498517776996,7015.174188581174,6778.692052616946,8676.81372820661,9060.001634938631,6982.416554103272,5405.256037713159,5587.104327194017,6611.867547026733,7630.807487579959
PNPLA2_HUMAN,PNPLA2,51873.99102104578,53128.36364154023,36577.27080773552,45606.94873650537,44985.66982044418,49329.38422974966,43423.88011706947,0.0,42640.90462763834,0.0,53461.78854970984,55656.29979182804,49091.87454449012,45899.5208578934,54046.93668184246,41446.80599052283,58629.69794139265,54600.332170633505,58369.75625991045,0.0,65372.309167921616,39005.08529302698,47397.77214181721,42038.99528527678,58158.39053646515,58815.26461632351,41431.073295955255,60996.42627650942,54843.50448817935,54266.0844958206
PPARA_HUMAN,PPARA,50698.60664243611,70493.44930620056,66181.42423951588,47989.278385105266,84922.98519800135,0.0,62949.1434791293,53116.895639586124,0.0,69586.32535621684,0.0,0.0,0.0,64982.87988553135,0.0,46930.70526157523,64264.52126054702,66115.26792291563,56234.931501379164,0.0,0.0,47423.47729322733,67425.24773554815,68622.2270443246,68928.9935410351,55844.049106411476,58101.79789047982,63312.934003069444,49387.36073063316,52014.726059163986
PPARD_HUMAN,PPARD,14577.010163380693,13970.901283849527,12598.591380845884,14267.231038762335,15093.612421392181,10498.000161833403,0.0,0.0,0.0,14967.570826198691,14174.497300411835,0.0,15773.836625305159,14035.7639823355,0.0,0.0,0.0,16062.744220754672,0.0,14968.227122001901,0.0,0.0,0.0,12464.151659656052,15028.630611827817,15774.771298556034,12540.853219129755,14686.436870873003,17625.006017665786,12391.08380687823
PPARG_HUMAN,PPARG,10365.005769272238,12010.688702268111,12201.087893723638,0.0,9651.032494047437,10258.040848776916,10975.23648093692,0.0,12108.12504051458,10825.995442521482,0.0,8502.658721738288,0.0,12837.620508091015,0.0,10039.445504416904,0.0,9540.211259780144,11142.239773285024,0.0,15237.96001873764,12318.604909144171,16023.216914148485,10915.046726431146,13265.276601332145,11257.183071578227,10988.673994327195,10691.119770346455,9489.596778793939,12558.637625122368
PPARGC1A_HUMAN,PPARGC1A,201393.53956859533,206872.61970000548,187774.66855139943,187617.92306446977,172606.68655988626,0.0,171145.82473368727,163057.0962618106,0.0,184970.72301376754,173891.55740623747,183306.64947039267,174330.9277342444,204696.79512368946,155085.8978958981,177434.5245146347,187722.9583491358,0.0,134754.47195889553,185409.23970674575,199394.39199135787,149306.93236515165,181627.99114612775,178157.0584936066,144747.26771271834,172714.398716419,183443.37416802795,179377.79183795248,193415.0321034575,175775.01349096725
PPARGC1B_HUMAN,PPARGC1B,52689.11154809203,0.0,0.0,0.0,68293.99483470427,63003.00273280531,0.0,70563.41678417771,80736.12380383439,60273.61909696839,67703.66414633025,70819.87022658803,74979.10539136107,0.0,81672.20612490168,64363.01250914378,0.0,0.0,74782.9636813492,77549.5709292138,93760.50951335437,0.0,72035.85338157193,61598.03717345974,61221.89887454674,77570.22741477405,63837.24352911709,66798.10547298974,62117.28387417844,53139.45109498027
PPP1R3A_HUMAN,PPP1R3A,0.0,2079.4737105218596,2093.400514272201,0.0,2524.2790864052013,2329.622799450987,0.0,906.6355263793386,731.6831819946799,1281.2991216806354,1211.0863320220046,1047.506900166155,331.39755969454603,319.9840670103518,257.8679091816945,356.4908073510116,371.1219296347114,332.795916719353,353.94319339873925,348.45250909305986,411.1350863242621,259.26325176616956,244.6444660462499,347.2142171977084,2606.0193250662933,1817.5313995047343,2378.620771711562,2443.639181682461,1657.9590709751562,1985.0098208960585
PRKAA1_HUMAN,PRKAA1,17668.59326045463,20469.619348952387,20111.681628153987,24727.035149349354,17992.032699200805,22753.805633206783,33920.307286457675,28007.317066447267,36577.00601643164,0.0,26609.772820616792,33423.87723643069,32506.638108873238,41666.961309392645,32942.52663854766,44054.671123403255,38788.55542941246,34689.90716657843,44846.76684758657,58283.48779911855,37053.71374731978,64250.5906352944,44792.68247009886,47234.889530542336,23526.603279893134,23215.217509292408,18040.83041754714,19955.620332206236,21516.84754420404,20613.40943080725
PRKAA2_HUMAN,PRKAA2,6706.436309738981,7933.016435973614,6320.8403078908,0.0,8451.490260579452,6531.745276963336,3963.8648743313342,5385.025370126636,4768.710058099944,4068.8089141072655,4315.949290255029,4748.74420731413,0.0,1034.1542832439188,1147.0411897456186,1220.1996002678584,1340.3072533163174,1134.200626659891,1457.3618727938456,1190.88893330795,0.0,1492.6130411129511,1771.2958246767132,898.2013573032465,9809.028705383522,8017.667259632848,8912.360641436533,9037.422322730628,8037.849898833325,11776.710545363117
PRKAB1_HUMAN,PRKAB1,8850.273112938432,9214.621273886734,9549.905791937032,12721.112888971302,9692.352645962317,9173.580866082686,3039.692144154569,3877.9758097971694,4496.764264902691,4328.0573754436755,4317.78482774226,2683.4632198065115,0.0,1116.5235292173943,1177.9635180807113,1293.9584514921598,1371.4995465073334,0.0,1413.872033900218,1413.916910346515,1375.989025853746,1097.2635445456312,1443.8231300460423,1691.5334956379088,8845.45805865769,7676.048684171893,8700.536056641973,9400.008386071377,11430.059540461256,7014.9546856022225
PRKAB2_HUMAN,PRKAB2,0.0,10101.926657797116,10893.20182887016,9618.665821880904,0.0,12232.775504585417,0.0,0.0,0.0,0.0,15029.958209038525,0.0,0.0,0.0,12491.512059865508,11436.696496995062,12027.17424831813,0.0,0.0,11296.145048591145,0.0,0.0,0.0,0.0,9991.804866703558,11906.388695842192,12777.056473874974,10444.10526171136,10576.498488784944,10348.031196100515
PRKAG1_HUMAN,PRKAG1,23419.52940403708,21958.42084491874,23346.811342281013,21114.45733332617,25517.255985369196,25942.086900364295,24186.31228456523,20540.1559615195,19115.487408142322,22419.071945851898,24874.4854815725,22450.51474704239,18269.63912945608,0.0,20853.86996262077,27729.719645941284,30512.56299593763,21585.849519644285,84557.5947498997,90877.69960553396,0.0,96231.20216685292,76487.19229368892,85629.99175672987,17692.81156035222,20285.622592888845,23449.59622671454,24310.581689009137,19919.34841022856,20334.227154154352
PRKCZ_HUMAN,PRKCZ,0.0,20506.490461767346,22151.751523223294,18721.27096479003,20178.011193705457,18318.428436832914,17481.464884592206,19555.4196474506,13734.56168853394,19403.396362620104,20589.13383936578,21994.27425637939,19812.877946784723,23043.673814187663,16712.79558000994,21503.921318180423,22699.991460445646,19608.51351514755,0.0,0.0,53718.70640615934,53967.78567058713,83769.28560766578,71357.94969600135,20314.600732466777,16345.938912244406,20106.785339897553,21092.31593311806,15932.316405556494,21778.578918792
PTEN_HUMAN,PTEN,7603.619537565525,5451.532807281089,6270.695677778207,6102.527831778285,6405.441322740189,5907.552817194887,6915.5505930870095,5959.446832019001,6293.0707400876245,5499.51703421041,5364.29908002464,5790.334315717089,5208.368366391748,0.0,4816.924088103278,7924.301796965188,0.0,6915.271565613675,5524.158359156567,4336.525738201243,5024.132967495314,0.0,4450.902391939421,5395.1274130126385,5886.084226418041,6083.585706946209,6346.005467910217,5651.570378229465,6220.633087009431,6283.215052586185
PTPN1_HUMAN,PTPN1,9773.111658966283,6794.234492246649,7854.317930863502,8814.143715842569,6692.531671737159,7011.636548172932,11058.273339179235,7225.977037644245,7131.793344221401,5917.040066730164,8886.878129061686,6152.082093294284,6601.943612364002,7046.564248802931,7578.687205491027,6381.676565706609,7084.823452372311,6379.429650781976,7756.664071445049,0.0,7660.637762482477,8292.788561174548,5742.242720673303,6959.234030185913,9063.771186161623,8936.590123669197,5884.636567813997,7571.403112974188,6392.097968131722,9019.14406547581
PYGL_HUMAN,PYGL,3292.677938977638,2394.427588284549,3626.7199409765535,2788.5230743440234,2484.9525005665987,3023.8568468039607,3304.3038041798727,2799.1375388626216,4160.7854692491765,1963.8648614545873,3030.355241298816,3208.730525282594,2122.4749989666784,2468.2072398637,2655.9672357691575,2003.0211066725597,1760.3984019458676,3091.152948471841,2582.643943152413,3425.054204915705,2451.8157423550797,3658.733129904663,2886.10629966247,4090.5477947654017,2767.931379820433,2518.436188785835,3088.708155268706,3214.6241970336077,3128.245778659313,3542.39734242012
PYGM_HUMAN,PYGM,18942.18605369987,22992.053992580528,27217.663324517656,17632.773546281394,20179.819222440907,22103.629394599848,23190.820828527114,0.0,22069.369091862336,0.0,17488.07798821154,17899.46954170766,20405.7735008931,17132.633931745746,21939.108929805992,18512.999201028448,19790.163170991724,21292.087640405185,28006.89353945994,20228.13663561834,21960.219740801633,21317.777203648333,21725.596866157663,0.0,19023.838247699907,17648.130678033653,17329.20171015328,20551.112374622495,20648.231150373216,17677.29115425779
RELA_HUMAN,RELA,35347.60147489186,27304.751573612095,26478.373696832114,25240.954451234422,31013.215786859502,29346.417293594168,21131.49386638166,16958.630585007184,15817.782786812577,19955.227944277303,19344.326677271143,20341.71715440608,6589.7338591329335,11393.20127494651,10683.937266017994,7852.299304585617,7947.806720884194,0.0,4501.048522306411,4271.082751060453,4421.2941644392795,4207.438286866228,4887.2562286856,0.0,31208.631941726297,27387.91691725278,29676.444559342042,37654.593069016235,27860.751239840964,33425.30430207394
REN_HUMAN,REN,0.0,0.0,0.0,60434.480588465034,68858.66823554235,0.0,0.0,0.0,55822.577796448895,0.0,0.0,47518.38866794655,0.0,45577.55065883359,0.0,56486.1091342403,0.0,0.0,0.0,0.0,0.0,0.0,0.0,0.0,61497.99005484138,60753.525176432784,54293.04492062849,41240.32152354749,40901.409487033634,45253.88809986885
RETN_HUMAN,RETN,54155.35076269928,48590.56636536779,79833.55690931206,58027.885918798136,49360.554336667046,56983.4554141533,60764.38147528764,57410.05467804167,47795.19070545859,0.0,49817.281727981324,54988.169033145045,50467.32661274197,61767.74642663535,0.0,71821.56732688972,59119.931960862974,83352.6993250874,75221.06306627479,63537.30520087388,71665.22935962644,75750.54085261069,47556.05099623928,56779.934292545324,54033.95533418517,56359.48541724825,61022.57099242451,48759.33038275878,59102.93739036311,63116.12763522432
RHEB_HUMAN,RHEB,21981.652517028324,0.0,25686.204566785982,23123.721106868754,21972.66279292724,18477.488831133203,0.0,23577.484839777415,25358.908786759122,26483.930397198303,20994.723783958198,22912.5700284008,21731.020899784115,24682.988154486065,22123.961941346242,23886.334966304352,21126.043468048923,0.0,33416.19762124041,22027.814142013387,17423.84935314924,22521.865326936422,24377.678496568802,21182.885984277418,23035.25099439654,26459.476354635408,22380.270005694867,21962.968939784136,30748.70406859167,24675.84942675843
RICTOR_HUMAN,RICTOR,11241.873005217523,14193.214443359895,13401.413977196013,0.0,0.0,16155.790948407293,20446.5301780271,14243.34621618312,15598.566106722323,0.0,0.0,14227.091996357685,14487.167958283586,11143.63797816853,15853.654728950021,15536.88390197184,10558.050198573184,14583.081797085331,15716.451406002563,11637.46178272772,15436.089842767462,17385.64433251694,19020.493590091024,15324.69856401935,15682.68682841791,15873.05335981507,19151.272659367525,22724.830634312504,13099.983390856374,11401.595892160294
RPS6KB1_HUMAN,RPS6KB1,140151.20788026357,176771.74053199223,227972.7634220221,169885.054037479,193093.2872511855,168842.25316910582,177821.20339961996,181304.7755685878,194414.3878444134,0.0,213811.71301367134,187449.57649373918,232870.2061082539,0.0,155252.06142093748,0.0,0.0,211432.5495297987,222588.97300847116,0.0,169837.7789781115,156727.686195838,177266.3461719141,183068.10596501638,213065.81688211169,155355.3131628512,163787.77677472983,176827.29468994332,168382.02295608647,168104.0440174844
RPTOR_HUMAN,RPTOR,7051.963491261175,10197.68348020655,9466.040631235812,10119.80180921904,8451.515369495499,10028.469757037059,7104.490871448821,9695.510277395671,8290.880039487522,8642.1718462302,9262.337899428536,11474.670577560388,6320.1086946539,0.0,11306.463881110518,0.0,10449.755433333525,7771.298015748988,8372.850317898005,11135.295124598706,7925.57056373722,11162.826661066912,8724.115842539533,10282.119831225586,9024.935425129574,8348.302111137584,8833.253146374693,9124.227505980403,9977.073780782966,8693.220856578104
RXRA_HUMAN,RXRA,5667.256604267943,7019.540634521687,5051.274130043328,5922.081801017703,6957.226440821329,5656.622094723848,2291.61917767912,2993.109230685929,2862.5406088584577,2753.851345120987,2518.325585213676,0.0,926.4530367715249,757.1407172217345,797.75226519523,851.6182042862457,829.2850626940409,791.4340225493469,715.8916087046028,834.8384684275626,870.6963096307728,701.0574481939227,859.683477860869,0.0,5640.516276187914,4954.556927898737,5125.3334883958505,6945.66810131546,4940.864496941874,5275.419335336543
SAA1_HUMAN,SAA1,16429.04979998717,12067.276756727768,12589.19971759794,15303.209911199714,15589.07368303647,12840.908374962073,14127.917447224552,15934.22375148603,13972.487599602842,10558.967649969401,14607.629733377322,15990.078861521042,14708.546843783191,13153.932832906185,13929.238429148934,13172.735005406135,13193.456744795873,14105.524140943895,14442.19219243641,11953.55300237976,14086.420298827843,13876.43847922149,11944.044119922506,17370.04677454309,14055.745658907957,15808.34472249758,13886.877172596156,17231.14828333731,15305.431709004883,16582.34124766434
SCAP_HUMAN,SCAP,26658.861683732797,30691.07529244037,23133.667658557286,28107.80007670116,22743.28642551062,0.0,10991.529579698306,12932.794509250214,9906.66173236856,0.0,7670.136050886922,9578.062137305838,4129.078858958873,3473.96938671923,3601.1253315454082,4425.7384712317535,4336.573680083455,4713.453788907453,4370.88633133041,4479.829331550056,0.0,5061.565034651584,4921.524338744821,4365.0060594089855,23352.96685800013,24768.577662410535,31331.697933985368,24227.676665828945,26800.694588581537,26478.845358927756
SCARB1_HUMAN,SCARB1,76265.4525097015,98763.52195290064,85677.32679746085,88370.15709155356,78988.1433505121,88214.27472305826,77859.63224432028,70064.18594351147,79787.49991085946,92869.67766534258,104924.24731203617,0.0,66265.99111685927,76257.74322733982,84891.83432903887,86694.52820957475,72135.46602405171,86789.0384532791,61127.92003989256,88527.9449875519,101311.43348272594,65543.8519270646,78225.13970705618,77536.1682466952,103830.13203611171,87046.19347747129,74311.84986767056,87580.12148277111,99476.53298327261,88415.69274641873
SCD_HUMAN,SCD,0.0,0.0,15189.727016562214,13389.486825410575,0.0,0.0,0.0,14617.134327671352,13703.79264848627,0.0,0.0,0.0,15097.846199200312,14693.97238601421,0.0,13943.589865605532,0.0,13512.427591729787,13412.194080691874,0.0,0.0,0.0,13203.229453888967,0.0,15853.452844573854,14898.927962710744,12751.839581152804,10390.191839828542,13615.92755338532,12694.942497566532
SELE_HUMAN,SELE,0.0,0.0,0.0,0.0,0.0,5163.187383384888,0.0,0.0,0.0,5065.209175962135,0.0,0.0,0.0,4354.213014365256,5134.621931954752,0.0,0.0,0.0,3906.529261610775,0.0,0.0,5888.188482995517,0.0,0.0,3539.3275115937954,3994.1998922019143,4319.73780165093,3168.858704875192,4642.655972959326,4292.896621499917
SERPINA1_HUMAN,SERPINA1,0.0,60381.65230131997,46769.33983818898,45562.13489584275,33322.43551321858,61297.27720895661,42831.90749147347,0.0,44825.03867668876,44394.74989791369,49343.62680026279,37337.75245640921,57069.045501159715,50835.893991643294,47287.04508262825,58174.9496044982,0.0,45283.6155173315,53509.32066241152,0.0,0.0,37558.93510630293,34681.8452972337,48606.985311711185,45930.61379230921,41347.69576853979,51897.616912289166,42353.23341996214,46384.08244984349,49503.22561919067
SERPINC1_HUMAN,SERPINC1,0.0,0.0,0.0,0.0,16451.723655137943,9765.509407782167,11864.269057729862,13921.664326395057,0.0,0.0,17155.165708806864,14741.00753404365,0.0,0.0,0.0,16050.141130163227,0.0,21903.15692957186,0.0,14897.882257062649,12435.70778317907,11193.476599752626,0.0,15795.311419633885,10874.418866065002,15074.510497347352,11971.915998586916,14851.027930308188,11573.818643987372,15090.081003615167
SERPINE1_HUMAN,SERPINE1,5600.312857378772,8455.723033465256,7480.062635812038,6392.630112888907,6912.67707062427,0.0,7584.0139356808495,0.0,7656.493084226436,6809.766897189031,6332.362992622175,8208.159755105678,7947.185782900381,5336.006361156193,9811.683121998036,0.0,7710.840095641701,6411.98662015783,7455.7430605601785,7224.281988811331,8725.726536361042,9151.993165850201,9413.781280008698,9554.355078237384,7986.668838141991,7581.99771523886,6729.9210712516515,6681.870079156509,5635.758471729441,7046.758541357413
SIRT1_HUMAN,SIRT1,0.0,7752.154206322006,0.0,0.0,9630.288285803483,9557.858210781533,0.0,0.0,0.0,0.0,0.0,0.0,976.0314987331323,0.0,0.0,0.0,1335.1500273261252,0.0,1185.985426096826,1809.9579351015261,882.0032222034538,0.0,1526.0646783060943,0.0,7784.136271135493,12607.275286398884,7486.3954155581305,9154.152121288651,7710.311233217869,8482.3717320766
SIRT3_HUMAN,SIRT3,26113.963964054117,22501.525828135887,24427.38472089695,26121.702589167086,27866.179936136574,22775.684670505165,24922.318191726925,32510.965960677357,35446.28484106313,17569.306994810122,22666.554190009327,0.0,26064.194068962253,0.0,22189.360438568157,27958.04784219694,40979.01096360631,29498.686945216414,29137.68917016922,23016.674434750916,21835.945606241654,25736.68071106622,31535.901382393935,21376.4658299134,23755.689263429897,23348.431256592787,24273.901369043495,26910.524582201437,25265.560612809473,21602.944790660393
SLC10A1_HUMAN,SLC10A1,3348.853104235777,3669.743659902208,0.0,4054.6488865477763,4377.909723380282,5398.771940352903,4053.6234293778407,2962.827117054446,0.0,3147.644417985017,3417.786746562733,4246.00143028986,0.0,3535.678762115895,2697.599389485704,0.0,3516.3243586045946,3370.92752477604,3547.01524541453,3147.19783318382,0.0,3356.447306913352,4032.0846322154894,2744.0485934020294,4124.644108194824,4104.044854296071,4489.224808694674,3445.523127930055,3732.1544164723036,4506.540134109513
SLC2A1_HUMAN,SLC2A1,84699.58602579746,74607.31008266652,96014.22539208962,89300.70632523193,98219.09440785977,83127.92999798244,89070.7940486711,101615.06186103799,97430.57057541986,94137.25024641157,68847.77853538857,82647.29369188614,80398.71741596363,144103.68356890796,0.0,86304.74744310856,102765.45317252573,74752.0296267107,100405.22095903222,117750.99129478773,111328.92891684438,86597.32300791588,126316.58745901073,124427.89748011233,71586.74452121081,96251.51853514212,88224.17784744903,84580.11079863807,87392.78140756192,83920.6946099149
SLC2A2_HUMAN,SLC2A2,22372.093245582615,18807.64462833399,0.0,0.0,17654.05160804493,19241.992911636084,16057.063693790631,19298.101355267834,25848.39007940153,20257.240325141058,17144.467028028037,17334.54315728074,17945.3670729763,0.0,16682.91682202014,0.0,0.0,21533.565466216223,17368.08778115267,0.0,20071.677164770615,0.0,15718.356042228303,0.0,16869.85655269157,16228.886733020494,21333.87945821647,20987.589065037246,18193.853958065785,19684.643787095738
SLC2A3_HUMAN,SLC2A3,23017.915920466086,26464.648741865087,22950.717675508928,20000.902959571526,27169.271966884204,23871.8962618816,26850.51193999093,18514.847475680748,25359.129121845068,28501.66381621473,19843.21339272745,0.0,21209.40861435505,28706.747867138187,19245.674193588515,19834.414980260128,23957.122125320195,19873.88017390309,72507.4918375293,96332.55291620904,63356.55372967471,0.0,106910.46568332383,0.0,18743.445956996264,24332.277262794556,24635.134741513695,26608.201526019184,23862.61220383822,22358.244530241478
SLC2A4_HUMAN,SLC2A4,59929.200418632885,71734.11067579682,51380.40908236809,66774.87058839545,45032.580383072745,55493.16339321479,63929.26763848833,77668.63613209265,49338.56520852935,62965.93627018443,63987.5191944842,64147.224361474764,59785.23279959426,73752.62670552477,57332.85901691452,0.0,0.0,0.0,71463.55235124056,66069.85249925096,61363.9853902383,73277.79271280784,63838.537429687145,53994.51798544332,53909.16283076528,60649.651652535525,67858.24239273326,49746.64303702633,61575.852403537276,63011.24307623802
SLC30A8_HUMAN,SLC30A8,10234.764827960395,12435.36218060316,8782.95174488237,13155.82095144115,11407.884327234027,10791.584042124872,0.0,5899.914821687901,6020.698106000336,6211.957617169688,5169.568869733474,6226.92910440021,2483.299736816134,2404.558320349474,2052.870828987149,2457.659013251201,0.0,2499.892618606855,1530.8401287815384,1398.4986451038792,1473.3098588499406,1555.1059715204358,1648.7588389388218,1950.2255621661934,11579.323126632946,12153.352691562857,12703.34547647386,9749.095633284362,8793.929965688183,8816.610358998061
SOCS1_HUMAN,SOCS1,25443.663719652013,0.0,28653.992016462467,23463.474863244588,18472.830859429374,0.0,23557.962227292133,24510.180369564347,24256.33461990539,22631.447807181565,25858.95048986853,23283.525684807908,25257.85636132348,21075.435233123295,18492.143329194216,26712.76677726773,18649.494104371966,26428.565854857894,20571.33710061869,23181.243773091992,18748.0493776342,18462.09461068912,22638.814372612032,0.0,17822.807871097946,21873.772852153797,19724.774706123986,15429.975618613144,20516.208719864153,22291.469966340865
SOCS3_HUMAN,SOCS3,0.0,17348.63358342112,17788.87383613689,23036.3796134367,26312.081901330876,15401.52481286089,22094.541463980993,20643.11346333477,23099.873237484855,18463.039099753067,21624.51527539282,18794.31705006081,19816.633734845094,20157.462524013146,20166.807609624113,18777.479027038564,16586.681854630577,22883.10179673985,24444.312611005174,0.0,0.0,26698.224257348276,16579.207865659042,20815.824847012307,16470.390257580668,25096.237575860214,21104.42848793851,16507.296971571588,24665.82606602361,25694.998262582765
SOD1_HUMAN,SOD1,36552.81678769082,0.0,0.0,32833.915082022744,0.0,33745.21137817145,48778.32483203477,35073.578189998945,48976.70254570677,0.0,0.0,23118.281340974903,29904.986374132295,43432.506276512984,37335.25739222506,35936.62479236709,36252.342995695355,32577.246296686553,0.0,0.0,0.0,27551.81080862911,30786.75101369867,30555.298959504304,39562.78487668712,38563.52229987731,36763.613183087815,34497.6234268226,31403.007025270053,31284.022986767886
SOD2_HUMAN,SOD2,245424.31371530323,268892.5470459531,249002.03922407902,255871.82722812053,228545.66333151818,271751.7021880329,0.0,202792.35236817918,274937.9893314154,281976.5827393063,188802.79690569238,196329.10997662914,281439.603554831,0.0,283089.93055251916,267754.0076697837,228505.34068888065,230127.8035760911,206423.45006307468,257856.80233941757,246696.6006406284,310481.19252274104,205654.70625207224,274355.30155444914,298569.61598438176,234853.1526363834,239149.33253513972,222072.17067131004,221191.94562992908,260924.38311333716
SORBS1_HUMAN,SORBS1,4862.211780449952,5547.555991760885,10068.870058447574,6375.926810364533,6435.728551175569,6250.484775320879,8676.771875504155,6990.643392164787,8530.364004840168,8700.334075637551,5228.454368155275,7400.70409176399,6889.705639120786,6423.388168668232,7507.587875869923,7236.731256072187,7909.672356550881,5350.2176441187,7646.290246619876,0.0,7298.035740597121,6276.74433878865,7385.438384280361,8032.500892663106,8967.8899751587,6309.145150359862,7147.274018980111,7055.454902995317,6774.75154204704,6797.827315724745
SREBF1_HUMAN,SREBF1,0.0,27050.284870541658,0.0,20699.88891792724,20345.00395538622,19720.156101516357,15368.088667399692,17226.129545934215,19927.572933508556,22725.51162379937,22968.327080323077,19002.82505468114,28397.32181610018,18680.760450767677,23156.086177614423,17932.54471825222,20434.030525806054,18693.162820762685,23007.527391289546,21862.517205148564,19368.324061943982,25155.449418040844,22100.410926000153,20587.88096783348,25872.507782975954,19465.065190015383,26989.32511753546,17127.190877895697,20965.826435380553,24289.010821100812
SREBF2_HUMAN,SREBF2,152474.03000375046,217594.51385931272,138979.01445257594,0.0,199363.64286269757,196894.44047490446,177962.36886855075,183384.4352874973,176235.0222035477,0.0,196536.6471197432,197476.125755686,181967.94577855922,0.0,212173.50729982936,207238.58609339417,241956.2288167092,168706.98985230207,144189.94040163865,165233.17534525844,180631.58256293336,194769.81016259314,168124.44620044366,179362.45842405353,218241.6033860381,162283.6220733517,180630.5936231835,203764.26822208613,204175.75979090572,190019.02928261308
STK11_HUMAN,STK11,0.0,0.0,0.0,0.0,0.0,6838.44501321315,11505.809218037752,0.0,0.0,0.0,0.0,8535.059308980459,0.0,0.0,8442.314057035772,0.0,0.0,7950.262717969453,9139.415547009463,0.0,0.0,0.0,9603.472830001074,0.0,6482.1723335887045,9280.64838514739,9082.87846786673,10420.34160185573,10107.904793320082,9076.016334611437
TBC1D1_HUMAN,TBC1D1,112508.73770273666,137077.5969748606,122641.23349398463,111077.9517616344,123946.60717177636,110631.14353428312,172167.64311782722,192757.88613719985,183623.46382168887,232443.05028427782,152298.82579410006,140552.38245081334,280985.28081380564,226937.6422564137,240414.95982871487,234798.18324862653,242327.73983325894,194734.2062527448,291212.035750593,311235.03784270736,324157.2012109579,317697.5572725006,329554.77885397035,333472.04681877035,89674.50560348437,133773.08198843038,81265.21112339657,117620.14717743089,93705.14260851144,106365.35136125816
TBC1D4_HUMAN,TBC1D4,20009.324385916254,25707.716997827152,20127.337329285434,21843.199855274448,0.0,18953.760870866572,11725.92509151832,10273.688827931664,10051.154946147837,9112.822097628741,12480.873373966275,0.0,3831.7858460294365,2751.4945309755067,3684.4097211948083,3353.0163869333774,3243.552376592497,4129.125510800522,0.0,3564.123411412488,3597.611288099593,3461.9870865290018,0.0,3612.076407855941,28689.311533926633,16895.781263391655,19831.993227166626,21879.255892231486,27403.56219674569,25076.186280270118
TCF7L2_HUMAN,TCF7L2,66110.04985305735,72540.85180460314,56068.65592523138,0.0,55268.96482769531,76424.65577580295,79473.32634538949,62772.16915266424,53060.4526964615,0.0,46281.56608346463,52793.66522002223,75167.07937268715,65367.54490306861,57460.57222638739,58642.03825966824,0.0,52398.26803907112,64270.67760146059,66074.01296831625,60119.90316152007,51937.51663894539,45816.10711164,66502.27742533985,64244.670401887124,66657.15389542696,65747.01912530774,61502.14535457901,55797.45510087529,51979.18292080363
TGFB1_HUMAN,TGFB1,0.0,0.0,32107.760624672464,0.0,0.0,45352.90402664843,0.0,0.0,0.0,0.0,0.0,0.0,34247.30281667042,0.0,32570.0755119656,0.0,0.0,0.0,0.0,0.0,0.0,0.0,0.0,0.0,46258.82659205295,38378.943789970115,30254.115023481398,32999.06506819885,40003.75140276887,40019.870580536095
TLR2_HUMAN,TLR2,31269.86791208566,35313.32874708419,31642.01095492873,28900.61380729899,32045.78172974628,32459.221231862222,19808.58005163408,18123.203502439304,19925.438188236632,19737.513326867695,21298.63003008491,21538.044137558987,6461.055165170193,5986.34636859946,7248.050982939941,6719.899205667064,5683.357678522213,7829.381874288869,0.0,4995.592918659612,6129.098662318726,4837.924071654738,4552.262759394929,4733.205207876404,25360.68490832462,30337.55254918718,28960.75641377809,30837.554179650877,25101.93094641181,30276.468497844755
TLR4_HUMAN,TLR4,9601.950940885665,7271.515594231381,8296.129735085602,9187.260644322394,7963.864150164063,9775.622944284378,10208.95225129897,8256.386202469637,0.0,9153.19840833772,8185.775793012713,8126.332411676996,9495.848981482057,9972.40670116629,13751.49709243287,10593.58870465913,0.0,8917.648188766381,9279.65396745884,9750.518470277204,10217.74337608595,8365.36069723452,9817.185214631912,7775.545103471281,11351.490001220749,10944.931649775855,8991.315171299473,9657.477906734362,10066.087131536564,10530.162503109788
TNF_HUMAN,TNF,25944.461720789404,17708.632145341115,0.0,22623.09958754703,14596.246497929034,19927.137885142183,16348.734370596638,24332.653512196433,18956.582704003788,15964.373375357485,0.0,15408.605439521909,16344.220621048267,18993.04747409415,19546.016562637036,18636.580004978798,20954.91988488758,16736.951015296065,5368.873571028656,5396.496521859638,5301.587851484726,5592.471830962527,5856.918999357632,4161.273596413191,19699.42835138545,18407.126077846297,15683.640423754081,22114.624122963298,18042.39022291171,18057.96469931607
TNFRSF1A_HUMAN,TNFRSF1A,0.0,0.0,0.0,0.0,0.0,0.0,0.0,0.0,36375.13304100755,42340.149614870286,0.0,0.0,0.0,38781.06652654132,0.0,45352.05799769845,48378.47306042435,42118.82918666663,0.0,0.0,42843.41093613875,58325.6471103987,0.0,0.0,45222.23125761038,51307.48713306437,45343.637989138086,49686.80759053127,59115.73728707483,40282.78947973179
TNFRSF1B_HUMAN,TNFRSF1B,13705.102802459885,17192.615384227895,18508.17455900829,11095.354593996457,15066.623360652962,13096.589418229476,14359.434418635185,0.0,15955.321456210906,17880.61994399501,18670.277627008363,15527.364341720891,15990.71861185999,12362.65223240647,18483.514502932034,17989.4993478916,13792.370128052064,12018.066772614557,17218.759852910753,15166.499760534127,14400.758114422388,17610.422586795536,13617.129230980963,15105.063552701584,17728.06126817122,15422.64309459851,17109.461662159036,16999.24425341434,17611.89681894673,15971.617557558744
TP53_HUMAN,TP53,0.0,7658.438419890443,6171.532775503799,10499.706169981993,0.0,6093.030764941415,7675.059869464736,7138.366281647666,5723.573032735231,6973.876209578274,5271.417532581912,11099.019866166265,8239.054371099344,7594.402925492989,7705.2615806466,8765.905585974355,0.0,7699.258236510467,8756.8712859584,5633.063207670266,5150.047888512681,7207.3484906781905,6823.9807214163775,6834.215493958872,8350.566036197204,6750.469156742739,7771.50088716504,8498.72532787256,7802.334689678544,7847.846747329061
TSC1_HUMAN,TSC1,9454.655224746588,8212.56222355441,6839.76190141696,7476.860607634311,0.0,0.0,9963.460009907894,9736.58234357936,9882.96847795859,9994.658450679575,0.0,8629.035259133874,7019.834774380096,0.0,0.0,8357.977916109998,0.0,11143.960174342503,0.0,0.0,0.0,0.0,0.0,34217.57052507713,6834.004723624526,7807.709871954858,7180.925098038303,9304.222535715484,6668.673673208658,9949.837979132064
TSC2_HUMAN,TSC2,0.0,73185.09235180402,119333.0445170572,0.0,0.0,0.0,0.0,82163.34821836396,112233.55487755885,78487.73749898036,74544.99124976902,0.0,0.0,0.0,84332.09003301834,0.0,0.0,0.0,0.0,70319.36301056088,111216.24882410455,77776.64647600576,0.0,0.0,101197.76991959965,73836.31791391902,105928.78635866528,85735.8914567703,100866.77170286782,87956.91381780288
TUBB_HUMAN,TUBB,115551.80747547603,123308.47868849791,113856.60367213671,91764.74646546549,72499.60674161863,0.0,121206.01415057766,0.0,102950.41919203105,95197.0272781917,157298.44859102945,117201.17096927004,100519.16593404203,84101.49723434287,122501.34173458403,99069.78335139855,114786.63485203727,86987.74017753814,69513.41187895008,112162.18552531404,125631.50348418702,107450.34555990213,0.0,108932.51314295517,97318.15225773676,106517.68527261683,124132.55560915708,102801.27009028122,109937.59191484709,114616.26582911707
VCAM1_HUMAN,VCAM1,10360.975105292291,0.0,12164.984969746696,10934.882328326488,0.0,10595.682259405348,11561.370648793514,0.0,10074.778261793685,0.0,13201.695354334615,11315.354529292108,9324.457113682536,11059.12819434158,12885.502034341172,16790.863777955725,8916.394122294436,7956.375054674462,0.0,0.0,0.0,12653.154833417488,0.0,0.0,12216.194772791814,11923.573190405497,9653.269910836518,10134.055054945558,16133.584309797621,12926.023201393644
VEGFA_HUMAN,VEGFA,18667.268962289436,19065.183639158964,21582.676735507946,19117.861550131947,23853.412171693137,20739.18055276481,23136.534167794052,25635.209486735668,24197.81337738331,17319.892557245712,21640.001250275574,23654.344869157045,22769.903905240473,20923.8985270983,23042.963581995133,18562.305152363602,19610.876370747243,18808.08275350788,18484.951688543075,25139.62239066069,20369.90295728314,26574.391493822353,17065.959620036992,20200.150230143565,23078.660047093737,18491.525950400257,30014.701173230467,21408.215466429672,24722.567941172263,21867.168566454337
VWF_HUMAN,VWF,91843.90966280711,88147.32595570784,75813.82128248138,80943.78657134816,93896.33877610302,80563.94973523052,103467.98395735673,82678.37088556087,71700.41378518748,88239.07598519328,76483.91747896564,63842.166180308006,75819.9141442105,80954.19766827699,73920.42306254162,80130.56487074502,0.0,76935.73861497767,72519.61687352549,61057.30926671984,99630.8361189246,92310.79082394755,79527.21970323601,0.0,72808.17926321705,73457.53567861115,83656.19353366958,95873.49111788273,67645.23611427666,74450.84977024306
WFS1_HUMAN,WFS1,32224.309545719232,0.0,26959.88218938825,35832.00102522318,30460.442407394054,29979.81070689677,28414.07311023388,40427.934660201354,25554.329151149504,29721.428025136996,22540.546174164017,39609.791665709294,25337.087962533304,22810.45953748167,30095.68747956589,0.0,32956.26736164194,36133.123398273914,31150.880474206337,24208.975360729262,31940.222896710828,29186.120654328686,0.0,29155.990354518606,30259.66324074939,29322.615652470253,29858.812246226687,35897.54637409574,39741.96078321958,23720.359328294748
XBP1_HUMAN,XBP1,21060.94995643265,25324.239304043596,21013.589182569234,23541.68024794708,0.0,28302.336497174438,23634.02810778064,0.0,20871.271998662723,19387.40984897483,0.0,29653.662453376226,22595.226041110607,0.0,0.0,20359.244849813495,26174.694638202684,0.0,22419.617346268395,27700.03411373118,0.0,17761.69221334061,35301.37572536411,28222.52102227355,24715.96823597246,17483.29214076017,22402.68677251554,27177.923894867698,21907.556544575127,20146.25347184082
